"#Parameters = {L=149.416; Lf=38; Lg=192.8032053872; W=102.45668571429; Wf=3.1; Wg=107.84389110149; ataslengkung=17.811178807947; bawahlengkung=49.475496688742; dgs=160; h=0.89786756453423; sampingdgs=0; skala=8.5380571428571; t=0.019640852974186}";;;;
"#""Frequency / MHz""";S1,1 [Mag];S1,1 [Pha in deg.];Ref.Imp. [Mag];Ref.Imp. [Pha in deg.]
#---------------------------------------------------------------------------------------------;;;;
23.300.000.000.000;0.91442358426763;-86.818.855.556.002;35.034.201.428.197;0.0000000000000
23.339.999.389.648;0.91400538270235;-87.136.957.811.909;35.034.201.428.197;0.0000000000000
23.380.000.305.176;0.91358690649537;-87.455.108.229.331;35.034.201.428.197;0.0000000000000
23.419.999.694.824;0.91316812500532;-87.773.326.800.698;35.034.201.428.197;0.0000000000000
23.460.000.610.352;0.91274902433694;-88.091.613.605.515;35.034.201.428.197;0.0000000000000
23.500.000.000.000;0.91232940482421;-88.409.982.224.605;35.034.201.428.197;0.0000000000000
23.539.999.389.648;0.91190954998578;-88.728.439.830.968;35.034.201.428.197;0.0000000000000
23.580.000.305.176;0.91148909098851;-89.046.986.146.354;35.034.201.428.197;0.0000000000000
23.619.999.694.824;0.91106831126294;-89.365.635.041.029;35.034.201.428.197;0.0000000000000
23.660.000.610.352;0.91064707848250;-89.684.427.290.781;35.034.201.428.197;0.0000000000000
23.700.000.000.000;0.91022521408510;-90.003.301.485.823;35.034.201.428.197;0.0000000000000
23.739.999.389.648;0.90980288416048;-90.322.305.449.511;35.034.201.428.197;0.0000000000000
23.780.000.305.176;0.90937984738293;-90.641.452.878.857;35.034.201.428.197;0.0000000000000
23.819.999.694.824;0.90895622566715;-90.960.764.276.085;35.034.201.428.197;0.0000000000000
23.860.000.610.352;0.90853189411640;-91.280.219.045.286;35.034.201.428.197;0.0000000000000
23.900.000.000.000;0.90810685388480;-91.599.830.894.083;35.034.201.428.197;0.0000000000000
23.939.999.389.648;0.90768103936033;-91.919.593.007.168;35.034.201.428.197;0.0000000000000
23.980.000.305.176;0.90725440671256;-92.239.539.448.538;35.034.201.428.197;0.0000000000000
24.019.999.694.824;0.90682683941857;-92.559.670.490.109;35.034.201.428.197;0.0000000000000
24.060.000.610.352;0.90639836054556;-92.880.013.254.484;35.034.201.428.197;0.0000000000000
24.100.000.000.000;0.90596889356288;-93.200.540.183.414;35.034.201.428.197;0.0000000000000
24.139.999.389.648;0.90553834511230;-93.521.279.082.632;35.034.201.428.197;0.0000000000000
24.180.000.305.176;0.90510666031678;-93.842.229.706.653;35.034.201.428.197;0.0000000000000
24.219.999.694.824;0.90467379116972;-94.163.398.969.891;35.034.201.428.197;0.0000000000000
24.260.000.610.352;0.90423970725700;-94.484.807.069.114;35.034.201.428.197;0.0000000000000
24.300.000.000.000;0.90380433076195;-94.806.434.064.953;35.034.201.428.197;0.0000000000000
24.339.999.389.648;0.90336757218523;-95.128.299.993.379;35.034.201.428.197;0.0000000000000
24.380.000.305.176;0.90292937906345;-95.450.445.788.546;35.034.201.428.197;0.0000000000000
24.419.999.694.824;0.90248965236715;-95.772.837.357.602;35.034.201.428.197;0.0000000000000
24.460.000.610.352;0.90204832561310;-96.095.468.014.576;35.034.201.428.197;0.0000000000000
24.500.000.000.000;0.90160538938337;-96.418.399.362.595;35.034.201.428.197;0.0000000000000
24.539.999.389.648;0.90116059098929;-96.741.583.528.571;35.034.201.428.197;0.0000000000000
24.580.000.305.176;0.90071408576159;-97.065.068.447.722;35.034.201.428.197;0.0000000000000
24.619.999.694.824;0.90026559998326;-97.388.860.680.721;35.034.201.428.197;0.0000000000000
24.660.000.610.352;0.89981525349389;-97.712.925.551.872;35.034.201.428.197;0.0000000000000
24.700.000.000.000;0.89936276395883;-98.037.297.355.645;35.034.201.428.197;0.0000000000000
24.739.999.389.648;0.89890814330208;-98.361.977.042.492;35.034.201.428.197;0.0000000000000
24.780.000.305.176;0.89845132953752;-98.686.985.526.650;35.034.201.428.197;0.0000000000000
24.819.999.694.824;0.89799211680736;-99.012.307.871.163;35.034.201.428.197;0.0000000000000
24.860.000.610.352;0.89753060513675;-99.337.957.023.172;35.034.201.428.197;0.0000000000000
24.900.000.000.000;0.89706654262279;-99.663.948.751.946;35.034.201.428.197;0.0000000000000
24.939.999.389.648;0.89660000379318;-99.990.240.532.483;35.034.201.428.197;0.0000000000000
24.980.000.305.176;0.89613073507797;-10.031.693.567.410;35.034.201.428.197;0.0000000000000
25.019.999.694.824;0.89565869633336;-10.064.393.034.551;35.034.201.428.197;0.0000000000000
25.060.000.610.352;0.89518381064514;-10.097.132.170.221;35.034.201.428.197;0.0000000000000
25.100.000.000.000;0.89470602303317;-10.129.904.780.958;35.034.201.428.197;0.0000000000000
25.139.999.389.648;0.89422519879114;-10.162.714.301.341;35.034.201.428.197;0.0000000000000
25.180.000.305.176;0.89374121938865;-10.195.560.675.291;35.034.201.428.197;0.0000000000000
25.219.999.694.824;0.89325403736880;-10.228.446.017.898;35.034.201.428.197;0.0000000000000
25.260.000.610.352;0.89276358432618;-10.261.368.188.247;35.034.201.428.197;0.0000000000000
25.300.000.000.000;0.89226961751418;-10.294.330.700.607;35.034.201.428.197;0.0000000000000
25.339.999.389.648;0.89177220838934;-10.327.332.035.705;35.034.201.428.197;0.0000000000000
25.380.000.305.176;0.89127122634755;-10.360.370.378.779;35.034.201.428.197;0.0000000000000
25.419.999.694.824;0.89076646170686;-10.393.451.653.781;35.034.201.428.197;0.0000000000000
25.460.000.610.352;0.89025788801226;-10.426.571.968.566;35.034.201.428.197;0.0000000000000
25.500.000.000.000;0.88974548895634;-10.459.732.645.317;35.034.201.428.197;0.0000000000000
25.539.999.389.648;0.88922899387325;-10.492.936.254.963;35.034.201.428.197;0.0000000000000
25.580.000.305.176;0.88870841383033;-10.526.178.764.920;35.034.201.428.197;0.0000000000000
25.620.001.220.703;0.88818366201689;-10.559.464.269.624;35.034.201.428.197;0.0000000000000
25.660.000.610.352;0.88765460310753;-10.592.795.505.126;35.034.201.428.197;0.0000000000000
25.700.000.000.000;0.88712114720527;-10.626.166.449.075;35.034.201.428.197;0.0000000000000
25.739.999.389.648;0.88658315108315;-10.659.579.885.729;35.034.201.428.197;0.0000000000000
25.779.998.779.297;0.88604057562270;-10.693.039.351.702;35.034.201.428.197;0.0000000000000
25.820.001.220.703;0.88549331051348;-10.726.541.502.408;35.034.201.428.197;0.0000000000000
25.860.000.610.352;0.88494116620876;-10.760.086.787.475;35.034.201.428.197;0.0000000000000
25.900.000.000.000;0.88438406871383;-10.793.680.524.059;35.034.201.428.197;0.0000000000000
25.939.999.389.648;0.88382201424404;-10.827.314.315.805;35.034.201.428.197;0.0000000000000
25.979.998.779.297;0.88325486086906;-10.860.995.896.523;35.034.201.428.197;0.0000000000000
26.020.001.220.703;0.88268247104984;-10.894.724.301.072;35.034.201.428.197;0.0000000000000
26.060.000.610.352;0.88210473952775;-10.928.494.608.638;35.034.201.428.197;0.0000000000000
26.100.000.000.000;0.88152164610869;-10.962.314.211.100;35.034.201.428.197;0.0000000000000
26.139.999.389.648;0.88093288529589;-10.996.177.032.601;35.034.201.428.197;0.0000000000000
26.179.998.779.297;0.88033869164996;-11.030.088.087.131;35.034.201.428.197;0.0000000000000
26.220.001.220.703;0.87973866572434;-11.064.047.745.434;35.034.201.428.197;0.0000000000000
26.260.000.610.352;0.87913276315633;-11.098.050.567.488;35.034.201.428.197;0.0000000000000
26.300.000.000.000;0.87852099864224;-11.132.105.303.957;35.034.201.428.197;0.0000000000000
26.339.999.389.648;0.87790312436667;-11.166.202.237.720;35.034.201.428.197;0.0000000000000
26.379.998.779.297;0.87727919742965;-11.200.351.761.507;35.034.201.428.197;0.0000000000000
26.420.001.220.703;0.87664896346558;-11.234.546.484.735;35.034.201.428.197;0.0000000000000
26.460.000.610.352;0.87601237430587;-11.268.789.809.706;35.034.201.428.197;0.0000000000000
26.500.000.000.000;0.87536942101458;-11.303.080.631.305;35.034.201.428.197;0.0000000000000
26.539.999.389.648;0.87471995625805;-11.337.420.776.559;35.034.201.428.197;0.0000000000000
26.579.998.779.297;0.87406384459708;-11.371.809.313.307;35.034.201.428.197;0.0000000000000
26.620.001.220.703;0.87340098090721;-11.406.245.872.922;35.034.201.428.197;0.0000000000000
26.660.000.610.352;0.87273127053857;-11.440.732.216.552;35.034.201.428.197;0.0000000000000
26.700.000.000.000;0.87205471845070;-11.475.266.825.469;35.034.201.428.197;0.0000000000000
26.739.999.389.648;0.87137105711031;-11.509.850.945.890;35.034.201.428.197;0.0000000000000
26.779.998.779.297;0.87068034626942;-11.544.483.991.583;35.034.201.428.197;0.0000000000000
26.820.001.220.703;0.86998245185057;-11.579.166.411.105;35.034.201.428.197;0.0000000000000
26.860.000.610.352;0.86927715774277;-11.613.899.384.031;35.034.201.428.197;0.0000000000000
26.900.000.000.000;0.86856456966947;-11.648.681.327.256;35.034.201.428.197;0.0000000000000
26.939.999.389.648;0.86784439933904;-11.683.512.593.238;35.034.201.428.197;0.0000000000000
26.979.998.779.297;0.86711670210050;-11.718.392.862.091;35.034.201.428.197;0.0000000000000
27.020.001.220.703;0.86638136116681;-11.753.323.947.887;35.034.201.428.197;0.0000000000000
27.060.000.610.352;0.86563821539399;-11.788.305.412.088;35.034.201.428.197;0.0000000000000
27.100.000.000.000;0.86488719613100;-11.823.334.711.936;35.034.201.428.197;0.0000000000000
27.139.999.389.648;0.86412831688783;-11.858.414.600.254;35.034.201.428.197;0.0000000000000
27.179.998.779.297;0.86336128300861;-11.893.546.516.451;35.034.201.428.197;0.0000000000000
27.220.001.220.703;0.86258625272527;-11.928.725.970.975;35.034.201.428.197;0.0000000000000
27.260.000.610.352;0.86180296995949;-11.963.957.457.202;35.034.201.428.197;0.0000000000000
27.300.000.000.000;0.86101145979980;-11.999.236.721.548;35.034.201.428.197;0.0000000000000
27.339.999.389.648;0.86021150488996;-12.034.567.962.199;35.034.201.428.197;0.0000000000000
27.379.998.779.297;0.85940317072414;-12.069.948.358.214;35.034.201.428.197;0.0000000000000
27.420.001.220.703;0.85858619806894;-12.105.379.344.224;35.034.201.428.197;0.0000000000000
27.460.000.610.352;0.85776067867361;-12.140.859.355.814;35.034.201.428.197;0.0000000000000
27.500.000.000.000;0.85692647413936;-12.176.391.246.606;35.034.201.428.197;0.0000000000000
27.539.999.389.648;0.85608337571767;-12.211.972.586.560;35.034.201.428.197;0.0000000000000
27.579.998.779.297;0.85523161919972;-12.247.602.818.356;35.034.201.428.197;0.0000000000000
27.620.001.220.703;0.85437076737198;-12.283.284.001.986;35.034.201.428.197;0.0000000000000
27.660.000.610.352;0.85350096933456;-12.319.015.492.135;35.034.201.428.197;0.0000000000000
27.700.000.000.000;0.85262207075567;-12.354.795.787.564;35.034.201.428.197;0.0000000000000
27.739.999.389.648;0.85173404219708;-12.390.626.916.004;35.034.201.428.197;0.0000000000000
27.779.998.779.297;0.85083673513141;-12.426.506.148.824;35.034.201.428.197;0.0000000000000
27.820.001.220.703;0.84993013478410;-12.462.437.173.263;35.034.201.428.197;0.0000000000000
27.860.000.610.352;0.84901419732125;-12.498.417.014.045;35.034.201.428.197;0.0000000000000
27.900.000.000.000;0.84808879632606;-12.534.446.233.200;35.034.201.428.197;0.0000000000000
27.939.999.389.648;0.84715390036248;-12.570.524.955.162;35.034.201.428.197;0.0000000000000
27.979.998.779.297;0.84620944384821;-12.606.653.720.121;35.034.201.428.197;0.0000000000000
28.020.001.220.703;0.84525530099139;-12.642.831.875.841;35.034.201.428.197;0.0000000000000
28.060.000.610.352;0.84429145866062;-12.679.059.203.622;35.034.201.428.197;0.0000000000000
28.100.000.000.000;0.84331789881989;-12.715.335.495.067;35.034.201.428.197;0.0000000000000
28.139.999.389.648;0.84233447486386;-12.751.661.454.354;35.034.201.428.197;0.0000000000000
28.179.998.779.297;0.84134105433327;-12.788.034.654.601;35.034.201.428.197;0.0000000000000
28.220.001.220.703;0.84033781091146;-12.824.458.734.925;35.034.201.428.197;0.0000000000000
28.260.000.610.352;0.83932450978604;-12.860.929.193.489;35.034.201.428.197;0.0000000000000
28.300.000.000.000;0.83830111749927;-12.897.451.855.645;35.034.201.428.197;0.0000000000000
28.339.999.389.648;0.83726762488621;-12.934.020.420.399;35.034.201.428.197;0.0000000000000
28.379.998.779.297;0.83622396218110;-12.970.637.246.741;35.034.201.428.197;0.0000000000000
28.420.001.220.703;0.83517007134882;-13.007.304.149.021;35.034.201.428.197;0.0000000000000
28.460.000.610.352;0.83410582767970;-13.044.017.993.996;35.034.201.428.197;0.0000000000000
28.500.000.000.000;0.83303134452739;-13.080.779.570.079;35.034.201.428.197;0.0000000000000
28.539.999.389.648;0.83194647578628;-13.117.590.120.493;35.034.201.428.197;0.0000000000000
28.579.998.779.297;0.83085108571639;-13.154.449.768.247;35.034.201.428.197;0.0000000000000
28.620.001.220.703;0.82974523464343;-13.191.354.663.526;35.034.201.428.197;0.0000000000000
28.660.000.610.352;0.82862891997940;-13.228.307.337.751;35.034.201.428.197;0.0000000000000
28.700.000.000.000;0.82750190518148;-13.265.307.938.968;35.034.201.428.197;0.0000000000000
28.739.999.389.648;0.82636445805843;-13.302.356.202.938;35.034.201.428.197;0.0000000000000
28.779.998.779.297;0.82521621705042;-13.339.449.652.932;35.034.201.428.197;0.0000000000000
28.820.001.220.703;0.82405738215218;-13.376.590.647.061;35.034.201.428.197;0.0000000000000
28.860.000.610.352;0.82288765553475;-13.413.779.713.608;35.034.201.428.197;0.0000000000000
28.900.000.000.000;0.82170732958198;-13.451.015.129.326;35.034.201.428.197;0.0000000000000
28.939.999.389.648;0.82051605295853;-13.488.295.989.342;35.034.201.428.197;0.0000000000000
28.979.998.779.297;0.81931401584834;-13.525.624.089.768;35.034.201.428.197;0.0000000000000
29.020.001.220.703;0.81810110925153;-13.562.997.394.557;35.034.201.428.197;0.0000000000000
29.060.000.610.352;0.81687725907069;-13.600.415.946.307;35.034.201.428.197;0.0000000000000
29.100.000.000.000;0.81564252205313;-13.637.882.450.061;35.034.201.428.197;0.0000000000000
29.139.999.389.648;0.81439672498924;-13.675.394.036.964;35.034.201.428.197;0.0000000000000
29.179.998.779.297;0.81313998798826;-13.712.950.453.246;35.034.201.428.197;0.0000000000000
29.220.001.220.703;0.81187216523454;-13.750.550.316.572;35.034.201.428.197;0.0000000000000
29.260.000.610.352;0.81059338729757;-13.788.196.939.372;35.034.201.428.197;0.0000000000000
29.300.000.000.000;0.80930350127053;-13.825.888.971.031;35.034.201.428.197;0.0000000000000
29.339.999.389.648;0.80800247842897;-13.863.625.924.927;35.034.201.428.197;0.0000000000000
29.379.998.779.297;0.80669040046448;-13.901.406.363.556;35.034.201.428.197;0.0000000000000
29.420.001.220.703;0.80536715757422;-13.939.231.635.526;35.034.201.428.197;0.0000000000000
29.460.000.610.352;0.80403274138045;-13.977.100.953.597;35.034.201.428.197;0.0000000000000
29.500.000.000.000;0.80268714302501;-14.015.014.131.231;35.034.201.428.197;0.0000000000000
29.539.999.389.648;0.80133038571073;-14.052.970.658.013;35.034.201.428.197;0.0000000000000
29.579.998.779.297;0.79996241910054;-14.090.971.283.397;35.034.201.428.197;0.0000000000000
29.620.001.220.703;0.79858319064416;-14.129.015.406.623;35.034.201.428.197;0.0000000000000
29.660.000.610.352;0.79719284587728;-14.167.103.331.883;35.034.201.428.197;0.0000000000000
29.700.000.000.000;0.79579113424224;-14.205.234.773.492;35.034.201.428.197;0.0000000000000
29.739.999.389.648;0.79437818777967;-14.243.408.670.113;35.034.201.428.197;0.0000000000000
29.779.998.779.297;0.79295403431971;-14.281.623.410.697;35.034.201.428.197;0.0000000000000
29.820.001.220.703;0.79151862595912;-14.319.883.756.781;35.034.201.428.197;0.0000000000000
29.860.000.610.352;0.79007189257380;-14.358.184.662.595;35.034.201.428.197;0.0000000000000
29.900.000.000.000;0.78861392402148;-14.396.526.587.490;35.034.201.428.197;0.0000000000000
29.939.999.389.648;0.78714465653186;-14.434.913.734.232;35.034.201.428.197;0.0000000000000
29.979.998.779.297;0.78566407493798;-14.473.340.168.415;35.034.201.428.197;0.0000000000000
30.020.001.220.703;0.78417230779677;-14.511.809.548.300;35.034.201.428.197;0.0000000000000
30.060.000.610.352;0.78266914009052;-14.550.319.266.725;35.034.201.428.197;0.0000000000000
30.100.000.000.000;0.78115478361832;-14.588.871.312.516;35.034.201.428.197;0.0000000000000
30.139.999.389.648;0.77962920429722;-14.627.464.854.118;35.034.201.428.197;0.0000000000000
30.179.998.779.297;0.77809220952667;-14.666.097.547.445;35.034.201.428.197;0.0000000000000
30.220.001.220.703;0.77654403077177;-14.704.771.785.690;35.034.201.428.197;0.0000000000000
30.260.000.610.352;0.77498461319133;-14.743.486.738.190;35.034.201.428.197;0.0000000000000
30.300.000.000.000;0.77341397847251;-14.782.242.237.159;35.034.201.428.197;0.0000000000000
30.339.999.389.648;0.77183202517615;-14.821.037.831.912;35.034.201.428.197;0.0000000000000
30.379.998.779.297;0.77023887499670;-14.859.872.836.216;35.034.201.428.197;0.0000000000000
30.420.001.220.703;0.76863454945225;-14.898.747.676.406;35.034.201.428.197;0.0000000000000
30.460.000.610.352;0.76701895409220;-14.937.663.317.528;35.034.201.428.197;0.0000000000000
30.500.000.000.000;0.76539226257969;-14.976.617.282.524;35.034.201.428.197;0.0000000000000
30.539.999.389.648;0.76375435218564;-15.015.610.722.671;35.034.201.428.197;0.0000000000000
30.579.998.779.297;0.76210530524727;-15.054.643.898.395;35.034.201.428.197;0.0000000000000
30.620.001.220.703;0.76044509525918;-15.093.716.618.600;35.034.201.428.197;0.0000000000000
30.660.000.610.352;0.75877384183469;-15.132.827.529.179;35.034.201.428.197;0.0000000000000
30.700.000.000.000;0.75709146038508;-15.171.977.011.018;35.034.201.428.197;0.0000000000000
30.739.999.389.648;0.75539799846969;-15.211.164.477.096;35.034.201.428.197;0.0000000000000
30.779.998.779.297;0.75369350751133;-15.250.390.135.796;35.034.201.428.197;0.0000000000000
30.820.001.220.703;0.75197799209491;-15.289.655.806.592;35.034.201.428.197;0.0000000000000
30.860.000.610.352;0.75025147283939;-15.328.958.030.033;35.034.201.428.197;0.0000000000000
30.900.000.000.000;0.74851395515113;-15.368.298.410.000;35.034.201.428.197;0.0000000000000
30.939.999.389.648;0.74676561396988;-15.407.675.887.652;35.034.201.428.197;0.0000000000000
30.979.998.779.297;0.74500626317377;-15.447.092.889.172;35.034.201.428.197;0.0000000000000
31.020.001.220.703;0.74323609951114;-15.486.545.660.243;35.034.201.428.197;0.0000000000000
31.060.000.610.352;0.74145501796559;-15.526.036.206.615;35.034.201.428.197;0.0000000000000
31.100.000.000.000;0.73966319570465;-15.565.564.007.770;35.034.201.428.197;0.0000000000000
31.139.999.389.648;0.73786048159157;-15.605.128.403.360;35.034.201.428.197;0.0000000000000
31.179.998.779.297;0.73604709899692;-15.644.730.053.102;35.034.201.428.197;0.0000000000000
31.220.001.220.703;0.73422302116113;-15.684.366.976.508;35.034.201.428.197;0.0000000000000
31.260.000.610.352;0.73238819523904;-15.724.043.451.840;35.034.201.428.197;0.0000000000000
31.300.000.000.000;0.73054275587037;-15.763.754.270.907;35.034.201.428.197;0.0000000000000
31.339.999.389.648;0.72868674433827;-15.803.501.753.397;35.034.201.428.197;0.0000000000000
31.379.998.779.297;0.72682016967634;-15.843.285.087.706;35.034.201.428.197;0.0000000000000
31.420.001.220.703;0.72494303239686;-15.883.103.446.724;35.034.201.428.197;0.0000000000000
31.460.000.610.352;0.72305549741611;-15.922.959.034.541;35.034.201.428.197;0.0000000000000
31.500.000.000.000;0.72115747309824;-15.962.852.767.379;35.034.201.428.197;0.0000000000000
31.539.999.389.648;0.71924902304868;-16.002.777.959.181;35.034.201.428.197;0.0000000000000
31.579.998.779.297;0.71733033649366;-16.042.741.410.231;35.034.201.428.197;0.0000000000000
31.620.001.220.703;0.71540133433842;-16.082.740.553.355;35.034.201.428.197;0.0000000000000
31.660.000.610.352;0.71346201654119;-16.122.773.566.924;35.034.201.428.197;0.0000000000000
31.700.000.000.000;0.71151248011678;-16.162.843.572.437;35.034.201.428.197;0.0000000000000
31.739.999.389.648;0.70955287175286;-16.202.946.348.910;35.034.201.428.197;0.0000000000000
31.779.998.779.297;0.70758311657256;-16.243.085.932.201;35.034.201.428.197;0.0000000000000
31.820.001.220.703;0.70560335044762;-16.283.261.093.368;35.034.201.428.197;0.0000000000000
31.860.000.610.352;0.70361356676789;-16.323.469.085.562;35.034.201.428.197;0.0000000000000
31.900.000.000.000;0.70161386866124;-16.363.714.018.473;35.034.201.428.197;0.0000000000000
31.939.999.389.648;0.69960424522795;-16.403.992.874.168;35.034.201.428.197;0.0000000000000
31.979.998.779.297;0.69758475534524;-16.444.307.364.350;35.034.201.428.197;0.0000000000000
32.020.001.220.703;0.69555548331232;-16.484.654.675.522;35.034.201.428.197;0.0000000000000
32.060.000.610.352;0.69351656557622;-16.525.037.553.444;35.034.201.428.197;0.0000000000000
32.100.000.000.000;0.69146790297919;-16.565.454.530.657;35.034.201.428.197;0.0000000000000
32.139.999.389.648;0.68940966824368;-16.605.907.015.640;35.034.201.428.197;0.0000000000000
32.179.998.779.297;0.68734190609469;-16.646.392.294.654;35.034.201.428.197;0.0000000000000
32.220.001.220.703;0.68526455553830;-16.686.913.052.624;35.034.201.428.197;0.0000000000000
32.260.000.610.352;0.68317788784143;-16.727.466.611.199;35.034.201.428.197;0.0000000000000
32.300.000.000.000;0.68108183543782;-16.768.055.619.328;35.034.201.428.197;0.0000000000000
32.339.999.389.648;0.67897637124392;-16.808.678.844.997;35.034.201.428.197;0.0000000000000
32.379.998.779.297;0.67686185242654;-16.849.336.359.020;35.034.201.428.197;0.0000000000000
32.420.001.220.703;0.67473809002378;-16.890.027.879.165;35.034.201.428.197;0.0000000000000
32.460.000.610.352;0.67260512155944;-16.930.753.592.634;35.034.201.428.197;0.0000000000000
32.500.000.000.000;0.67046316621585;-16.971.513.439.283;35.034.201.428.197;0.0000000000000
32.539.999.389.648;0.66831228296473;-17.012.305.959.523;35.034.201.428.197;0.0000000000000
32.579.998.779.297;0.66615240034921;-17.053.132.723.912;35.034.201.428.197;0.0000000000000
32.620.001.220.703;0.66398369385933;-17.093.995.016.465;35.034.201.428.197;0.0000000000000
32.660.000.610.352;0.66180626354818;-17.134.891.439.172;35.034.201.428.197;0.0000000000000
32.700.000.000.000;0.65962011363928;-17.175.822.064.832;35.034.201.428.197;0.0000000000000
32.739.999.389.648;0.65742532757058;-17.216.785.414.971;35.034.201.428.197;0.0000000000000
32.779.998.779.297;0.65522199424331;-17.257.782.931.075;35.034.201.428.197;0.0000000000000
32.820.001.220.703;0.65301012269367;-17.298.817.400.407;35.034.201.428.197;0.0000000000000
32.860.000.610.352;0.65078993826492;-17.339.884.584.146;35.034.201.428.197;0.0000000000000
32.900.000.000.000;0.64856127593992;-17.380.985.916.524;35.034.201.428.197;0.0000000000000
32.939.999.389.648;0.64632442116187;-17.422.120.095.980;35.034.201.428.197;0.0000000000000
32.979.998.779.297;0.64407932265044;-17.463.288.337.107;35.034.201.428.197;0.0000000000000
33.020.001.220.703;0.64182615142398;-17.504.493.476.873;35.034.201.428.197;0.0000000000000
33.060.000.610.352;0.63956490417631;-17.545.731.442.609;35.034.201.428.197;0.0000000000000
33.100.000.000.000;0.63729575421607;-17.587.003.555.515;35.034.201.428.197;0.0000000000000
33.139.999.389.648;0.63501862472844;-17.628.312.496.925;35.034.201.428.197;0.0000000000000
33.179.998.779.297;0.63273378327727;-17.669.654.308.838;35.034.201.428.197;0.0000000000000
33.220.001.220.703;0.63044115127762;-17.711.030.231.000;35.034.201.428.197;0.0000000000000
33.260.000.610.352;0.62814088030164;-17.752.443.043.734;35.034.201.428.197;0.0000000000000
33.300.000.000.000;0.62583297358667;-17.793.888.617.626;35.034.201.428.197;0.0000000000000
33.339.999.389.648;0.62351762843067;-17.835.371.071.144;35.034.201.428.197;0.0000000000000
33.379.998.779.297;0.62119482725334;-17.876.887.706.302;35.034.201.428.197;0.0000000000000
33.420.001.220.703;0.61886477086191;-17.918.439.846.818;35.034.201.428.197;0.0000000000000
33.460.000.610.352;0.61652742045591;-17.960.028.864.651;35.034.201.428.197;0.0000000000000
33.500.000.000.000;0.61418285530327;17.998.350.691.345;35.034.201.428.197;0.0000000000000
33.539.999.389.648;0.61183132230581;17.956.690.637.409;35.034.201.428.197;0.0000000000000
33.579.998.779.297;0.60947270727518;17.914.997.790.581;35.034.201.428.197;0.0000000000000
33.620.001.220.703;0.60710719990049;17.873.265.330.801;35.034.201.428.197;0.0000000000000
33.660.000.610.352;0.60473484823200;17.831.498.744.214;35.034.201.428.197;0.0000000000000
33.700.000.000.000;0.60235577016547;17.789.695.245.816;35.034.201.428.197;0.0000000000000
33.739.999.389.648;0.59997006777805;17.747.856.236.762;35.034.201.428.197;0.0000000000000
33.779.998.779.297;0.59757766996363;17.705.980.328.161;35.034.201.428.197;0.0000000000000
33.820.001.220.703;0.59517893034533;17.664.064.859.816;35.034.201.428.197;0.0000000000000
33.860.000.610.352;0.59277367353249;17.622.115.155.872;35.034.201.428.197;0.0000000000000
33.900.000.000.000;0.59036220215945;17.580.125.896.362;35.034.201.428.197;0.0000000000000
33.939.999.389.648;0.58794440515443;17.538.099.735.220;35.034.201.428.197;0.0000000000000
33.979.998.779.297;0.58552056563119;17.496.034.001.898;35.034.201.428.197;0.0000000000000
34.020.001.220.703;0.58309066562785;17.453.932.713.498;35.034.201.428.197;0.0000000000000
34.060.000.610.352;0.58065480113436;17.411.793.156.667;35.034.201.428.197;0.0000000000000
34.100.000.000.000;0.57821304017181;17.369.615.412.771;35.034.201.428.197;0.0000000000000
34.139.999.389.648;0.57576554088557;17.327.396.621.253;35.034.201.428.197;0.0000000000000
34.179.998.779.297;0.57331235963186;17.285.142.328.431;35.034.201.428.197;0.0000000000000
34.220.001.220.703;0.57085351701393;17.242.845.673.166;35.034.201.428.197;0.0000000000000
34.260.000.610.352;0.56838929327077;17.200.508.092.558;35.034.201.428.197;0.0000000000000
34.300.000.000.000;0.56591954218782;17.158.130.835.485;35.034.201.428.197;0.0000000000000
34.339.999.389.648;0.56344452808498;17.115.715.355.556;35.034.201.428.197;0.0000000000000
34.379.998.779.297;0.56096437510967;17.073.256.310.291;35.034.201.428.197;0.0000000000000
34.420.001.220.703;0.55847894626019;17.030.757.387.892;35.034.201.428.197;0.0000000000000
34.460.000.610.352;0.55598855742089;16.988.216.244.645;35.034.201.428.197;0.0000000000000
34.500.000.000.000;0.55349316101830;16.945.634.071.943;35.034.201.428.197;0.0000000000000
34.539.999.389.648;0.55099295466579;16.903.008.263.838;35.034.201.428.197;0.0000000000000
34.579.998.779.297;0.54848798687857;16.860.344.113.121;35.034.201.428.197;0.0000000000000
34.620.001.220.703;0.54597839963798;16.817.632.201.702;35.034.201.428.197;0.0000000000000
34.660.000.610.352;0.54346425818261;16.774.876.690.582;35.034.201.428.197;0.0000000000000
34.700.000.000.000;0.54094561655009;16.732.078.722.070;35.034.201.428.197;0.0000000000000
34.739.999.389.648;0.53842260346811;16.689.235.720.102;35.034.201.428.197;0.0000000000000
34.779.998.779.297;0.53589526596930;16.646.346.141.764;35.034.201.428.197;0.0000000000000
34.820.001.220.703;0.53336384983713;16.603.413.113.538;35.034.201.428.197;0.0000000000000
34.860.000.610.352;0.53082824972505;16.560.436.004.060;35.034.201.428.197;0.0000000000000
34.900.000.000.000;0.52828873650427;16.517.408.732.969;35.034.201.428.197;0.0000000000000
34.939.999.389.648;0.52574526108793;16.474.336.016.476;35.034.201.428.197;0.0000000000000
34.979.998.779.297;0.52319806057656;16.431.215.641.996;35.034.201.428.197;0.0000000000000
35.020.001.220.703;0.52064713122530;16.388.047.593.469;35.034.201.428.197;0.0000000000000
35.060.000.610.352;0.51809257800547;16.344.828.816.816;35.034.201.428.197;0.0000000000000
35.100.000.000.000;0.51553458746949;16.301.563.626.867;35.034.201.428.197;0.0000000000000
35.139.999.389.648;0.51297319346946;16.258.248.015.064;35.034.201.428.197;0.0000000000000
35.179.998.779.297;0.51040848195279;16.214.881.791.465;35.034.201.428.197;0.0000000000000
35.220.001.220.703;0.50784052987804;16.171.464.981.062;35.034.201.428.197;0.0000000000000
35.260.000.610.352;0.50526952363521;16.127.994.893.821;35.034.201.428.197;0.0000000000000
35.300.000.000.000;0.50269550770206;16.084.471.545.049;35.034.201.428.197;0.0000000000000
35.339.999.389.648;0.50011856404573;16.040.897.705.616;35.034.201.428.197;0.0000000000000
35.379.998.779.297;0.49753884684589;15.997.270.590.005;35.034.201.428.197;0.0000000000000
35.420.001.220.703;0.49495641314269;15.953.584.616.971;35.034.201.428.197;0.0000000000000
35.460.000.610.352;0.49237133037684;15.909.846.764.455;35.034.201.428.197;0.0000000000000
35.500.000.000.000;0.48978381582532;15.866.050.404.969;35.034.201.428.197;0.0000000000000
35.539.999.389.648;0.48719388942567;15.822.197.897.521;35.034.201.428.197;0.0000000000000
35.579.998.779.297;0.48460165648627;15.778.287.968.500;35.034.201.428.197;0.0000000000000
35.620.001.220.703;0.48200719908622;15.734.319.088.342;35.034.201.428.197;0.0000000000000
35.660.000.610.352;0.47941065591712;15.690.294.503.347;35.034.201.428.197;0.0000000000000
35.700.000.000.000;0.47681213891744;15.646.205.434.196;35.034.201.428.197;0.0000000000000
35.739.999.389.648;0.47421171705563;15.602.055.270.654;35.034.201.428.197;0.0000000000000
35.779.998.779.297;0.47160948383082;15.557.844.762.771;35.034.201.428.197;0.0000000000000
35.820.001.220.703;0.46900559527092;15.513.570.323.104;35.034.201.428.197;0.0000000000000
35.860.000.610.352;0.46640007012165;15.469.231.200.821;35.034.201.428.197;0.0000000000000
35.900.000.000.000;0.46379309913447;15.424.828.120.833;35.034.201.428.197;0.0000000000000
35.939.999.389.648;0.46118469718125;15.380.356.978.206;35.034.201.428.197;0.0000000000000
35.979.998.779.297;0.45857506387509;15.335.819.947.071;35.034.201.428.197;0.0000000000000
36.020.001.220.703;0.45596422429172;15.291.215.994.988;35.034.201.428.197;0.0000000000000
36.060.000.610.352;0.45335233453608;15.246.544.140.135;35.034.201.428.197;0.0000000000000
36.100.000.000.000;0.45073941630024;15.201.799.367.324;35.034.201.428.197;0.0000000000000
36.139.999.389.648;0.44812574018608;15.156.981.294.046;35.034.201.428.197;0.0000000000000
36.179.998.779.297;0.44551119571322;15.112.092.908.087;35.034.201.428.197;0.0000000000000
36.220.001.220.703;0.44289600645531;15.067.128.498.434;35.034.201.428.197;0.0000000000000
36.260.000.610.352;0.44028026414056;15.022.090.236.147;35.034.201.428.197;0.0000000000000
36.300.000.000.000;0.43766409403337;14.976.975.559.206;35.034.201.428.197;0.0000000000000
36.339.999.389.648;0.43504753704946;14.931.785.372.619;35.034.201.428.197;0.0000000000000
36.379.998.779.297;0.43243076429592;14.886.512.299.860;35.034.201.428.197;0.0000000000000
36.420.001.220.703;0.42981381148886;14.841.161.207.658;35.034.201.428.197;0.0000000000000
36.460.000.610.352;0.42719685456060;14.795.725.483.060;35.034.201.428.197;0.0000000000000
36.500.000.000.000;0.42457998946908;14.750.209.368.822;35.034.201.428.197;0.0000000000000
36.539.999.389.648;0.42196326233583;14.704.606.858.846;35.034.201.428.197;0.0000000000000
36.579.998.779.297;0.41934681387805;14.658.919.701.409;35.034.201.428.197;0.0000000000000
36.620.001.220.703;0.41673071940802;14.613.142.115.389;35.034.201.428.197;0.0000000000000
36.660.000.610.352;0.41411513167744;14.567.274.891.792;35.034.201.428.197;0.0000000000000
36.700.000.000.000;0.41150017184311;14.521.318.711.804;35.034.201.428.197;0.0000000000000
36.739.999.389.648;0.40888587007066;14.475.266.631.247;35.034.201.428.197;0.0000000000000
36.779.998.779.297;0.40627236677042;14.429.124.754.606;35.034.201.428.197;0.0000000000000
36.820.001.220.703;0.40365978784658;14.382.884.301.273;35.034.201.428.197;0.0000000000000
36.860.000.610.352;0.40104824311118;14.336.542.667.191;35.034.201.428.197;0.0000000000000
36.900.000.000.000;0.39843780512884;14.290.104.383.829;35.034.201.428.197;0.0000000000000
36.939.999.389.648;0.39582859430415;14.243.565.903.842;35.034.201.428.197;0.0000000000000
36.979.998.779.297;0.39322073464474;14.196.918.735.164;35.034.201.428.197;0.0000000000000
37.020.001.220.703;0.39061429703806;14.150.170.240.279;35.034.201.428.197;0.0000000000000
37.060.000.610.352;0.38800939656730;14.103.312.147.350;35.034.201.428.197;0.0000000000000
37.100.000.000.000;0.38540619139837;14.056.343.888.111;35.034.201.428.197;0.0000000000000
37.139.999.389.648;0.38280472514188;14.009.260.712.525;35.034.201.428.197;0.0000000000000
37.179.998.779.297;0.38020516528403;13.962.068.175.096;35.034.201.428.197;0.0000000000000
37.220.001.220.703;0.37760751384733;13.914.756.722.119;35.034.201.428.197;0.0000000000000
37.260.000.610.352;0.37501199962153;13.867.326.700.275;35.034.201.428.197;0.0000000000000
37.300.000.000.000;0.37241870384566;13.819.777.610.302;35.034.201.428.197;0.0000000000000
37.339.999.389.648;0.36982765294935;13.772.103.015.672;35.034.201.428.197;0.0000000000000
37.379.998.779.297;0.36723905461494;13.724.302.339.938;35.034.201.428.197;0.0000000000000
37.420.001.220.703;0.36465300054283;13.676.372.216.091;35.034.201.428.197;0.0000000000000
37.460.000.610.352;0.36206954526447;13.628.311.957.743;35.034.201.428.197;0.0000000000000
37.500.000.000.000;0.35948884315109;13.580.119.902.585;35.034.201.428.197;0.0000000000000
37.539.999.389.648;0.35691101359839;13.531.792.274.456;35.034.201.428.197;0.0000000000000
37.579.998.779.297;0.35433610533064;13.483.318.311.621;35.034.201.428.197;0.0000000000000
37.620.001.220.703;0.35176429449780;13.434.709.003.116;35.034.201.428.197;0.0000000000000
37.660.000.610.352;0.34919565544581;13.385.948.457.464;35.034.201.428.197;0.0000000000000
37.700.000.000.000;0.34663034317057;13.337.044.302.821;35.034.201.428.197;0.0000000000000
37.739.999.389.648;0.34406841289788;13.287.987.097.013;35.034.201.428.197;0.0000000000000
37.779.998.779.297;0.34151002615382;13.238.775.586.737;35.034.201.428.197;0.0000000000000
37.820.001.220.703;0.33895526526048;13.189.405.700.265;35.034.201.428.197;0.0000000000000
37.860.000.610.352;0.33640427782801;13.139.876.106.044;35.034.201.428.197;0.0000000000000
37.900.000.000.000;0.33385707975598;13.090.180.698.612;35.034.201.428.197;0.0000000000000
37.939.999.389.648;0.33131394022098;13.040.319.074.526;35.034.201.428.197;0.0000000000000
37.979.998.779.297;0.32877482951452;12.990.284.124.044;35.034.201.428.197;0.0000000000000
38.020.001.220.703;0.32623997115977;12.940.073.808.612;35.034.201.428.197;0.0000000000000
38.060.000.610.352;0.32370944509691;12.889.683.136.489;35.034.201.428.197;0.0000000000000
38.100.000.000.000;0.32118330528060;12.839.109.840.663;35.034.201.428.197;0.0000000000000
38.139.999.389.648;0.31866174778297;12.788.350.657.660;35.034.201.428.197;0.0000000000000
38.179.998.779.297;0.31614484440367;12.737.400.366.358;35.034.201.428.197;0.0000000000000
38.220.001.220.703;0.31363275906369;12.686.253.135.063;35.034.201.428.197;0.0000000000000
38.260.000.610.352;0.31112556833125;12.634.906.384.225;35.034.201.428.197;0.0000000000000
38.300.000.000.000;0.30862342912619;12.583.357.804.611;35.034.201.428.197;0.0000000000000
38.339.999.389.648;0.30612644771432;12.531.598.619.747;35.034.201.428.197;0.0000000000000
38.379.998.779.297;0.30363470036005;12.479.626.227.156;35.034.201.428.197;0.0000000000000
38.420.001.220.703;0.30114838820183;12.427.438.099.811;35.034.201.428.197;0.0000000000000
38.460.000.610.352;0.29866755130899;12.375.023.185.061;35.034.201.428.197;0.0000000000000
38.500.000.000.000;0.29619237826092;12.322.381.522.508;35.034.201.428.197;0.0000000000000
38.539.999.389.648;0.29372298358800;12.269.507.596.943;35.034.201.428.197;0.0000000000000
38.579.998.779.297;0.29125947094614;12.216.396.004.942;35.034.201.428.197;0.0000000000000
38.620.001.220.703;0.28880198724002;12.163.038.699.388;35.034.201.428.197;0.0000000000000
38.660.000.610.352;0.28635064515363;12.109.432.540.582;35.034.201.428.197;0.0000000000000
38.700.000.000.000;0.28390560064787;12.055.572.471.841;35.034.201.428.197;0.0000000000000
38.739.999.389.648;0.28146693808540;12.001.447.278.437;35.034.201.428.197;0.0000000000000
38.779.998.779.297;0.27903479602590;11.947.060.098.947;35.034.201.428.197;0.0000000000000
38.820.001.220.703;0.27660936871243;11.892.396.605.517;35.034.201.428.197;0.0000000000000
38.860.000.610.352;0.27419072559373;11.837.454.401.111;35.034.201.428.197;0.0000000000000
38.900.000.000.000;0.27177904458548;11.782.225.588.478;35.034.201.428.197;0.0000000000000
38.939.999.389.648;0.26937440569984;11.726.704.210.862;35.034.201.428.197;0.0000000000000
38.979.998.779.297;0.26697700249084;11.670.882.649.900;35.034.201.428.197;0.0000000000000
39.020.001.220.703;0.26458695122386;11.614.754.816.618;35.034.201.428.197;0.0000000000000
39.060.000.610.352;0.26220442098633;11.558.315.460.655;35.034.201.428.197;0.0000000000000
39.100.000.000.000;0.25982949245339;11.501.551.364.580;35.034.201.428.197;0.0000000000000
39.139.999.389.648;0.25746238542033;11.444.459.162.594;35.034.201.428.197;0.0000000000000
39.179.998.779.297;0.25510319035875;11.387.031.002.903;35.034.201.428.197;0.0000000000000
39.220.001.220.703;0.25275208819161;11.329.258.403.900;35.034.201.428.197;0.0000000000000
39.260.000.610.352;0.25040922568956;11.271.130.761.554;35.034.201.428.197;0.0000000000000
39.300.000.000.000;0.24807471892074;11.212.642.465.548;35.034.201.428.197;0.0000000000000
39.339.999.389.648;0.24574879819093;11.153.785.308.021;35.034.201.428.197;0.0000000000000
39.379.998.779.297;0.24343154235295;11.094.548.505.335;35.034.201.428.197;0.0000000000000
39.420.001.220.703;0.24112315559790;11.034.923.553.870;35.034.201.428.197;0.0000000000000
39.460.000.610.352;0.23882378312772;10.974.899.958.133;35.034.201.428.197;0.0000000000000
39.500.000.000.000;0.23653359893949;10.914.472.001.116;35.034.201.428.197;0.0000000000000
39.539.999.389.648;0.23425277038317;10.853.625.760.883;35.034.201.428.197;0.0000000000000
39.579.998.779.297;0.23198146819083;10.792.353.662.123;35.034.201.428.197;0.0000000000000
39.620.001.220.703;0.22971984359345;10.730.641.620.763;35.034.201.428.197;0.0000000000000
39.660.000.610.352;0.22746810131261;10.668.484.125.042;35.034.201.428.197;0.0000000000000
39.700.000.000.000;0.22522641021908;10.605.864.833.256;35.034.201.428.197;0.0000000000000
39.739.999.389.648;0.22299495154135;10.542.778.455.069;35.034.201.428.197;0.0000000000000
39.779.998.779.297;0.22077390577857;10.479.211.243.075;35.034.201.428.197;0.0000000000000
39.820.001.220.703;0.21856346948873;10.415.146.827.780;35.034.201.428.197;0.0000000000000
39.860.000.610.352;0.21636383032849;10.350.579.693.989;35.034.201.428.197;0.0000000000000
39.900.000.000.000;0.21417517533536;10.285.496.202.293;35.034.201.428.197;0.0000000000000
39.939.999.389.648;0.21199771529743;10.219.882.691.035;35.034.201.428.197;0.0000000000000
39.979.998.779.297;0.20983167801846;10.153.722.643.448;35.034.201.428.197;0.0000000000000
40.020.001.220.703;0.20767721208286;10.087.008.099.970;35.034.201.428.197;0.0000000000000
40.060.000.610.352;0.20553457879834;10.019.728.049.423;35.034.201.428.197;0.0000000000000
40.100.000.000.000;0.20340397428269;99.518.578.442.930;35.034.201.428.197;0.0000000000000
40.139.999.389.648;0.20128563615788;98.833.920.055.992;35.034.201.428.197;0.0000000000000
40.179.998.779.297;0.19917976639682;98.143.169.726.259;35.034.201.428.197;0.0000000000000
40.220.001.220.703;0.19708662400505;97.446.107.228.930;35.034.201.428.197;0.0000000000000
40.260.000.610.352;0.19500640902967;96.742.652.154.540;35.034.201.428.197;0.0000000000000
40.300.000.000.000;0.19293938598140;96.032.586.229.325;35.034.201.428.197;0.0000000000000
40.339.999.389.648;0.19088581955770;95.315.826.144.914;35.034.201.428.197;0.0000000000000
40.379.998.779.297;0.18884590985785;94.592.126.674.858;35.034.201.428.197;0.0000000000000
40.420.001.220.703;0.18681996878599;93.861.378.514.817;35.034.201.428.197;0.0000000000000
40.460.000.610.352;0.18480822577832;93.123.444.815.362;35.034.201.428.197;0.0000000000000
40.500.000.000.000;0.18281097233085;92.378.079.968.017;35.034.201.428.197;0.0000000000000
40.539.999.389.648;0.18082847018241;91.625.147.229.133;35.034.201.428.197;0.0000000000000
40.579.998.779.297;0.17886101056131;90.864.482.682.353;35.034.201.428.197;0.0000000000000
40.620.001.220.703;0.17690887479211;90.095.867.846.671;35.034.201.428.197;0.0000000000000
40.660.000.610.352;0.17497235725642;89.319.111.469.679;35.034.201.428.197;0.0000000000000
40.700.000.000.000;0.17305176786278;88.534.131.571.312;35.034.201.428.197;0.0000000000000
40.739.999.389.648;0.17114742164377;87.740.600.105.480;35.034.201.428.197;0.0000000000000
40.779.998.779.297;0.16925962543807;86.938.435.367.730;35.034.201.428.197;0.0000000000000
40.820.001.220.703;0.16738871888996;86.127.418.696.110;35.034.201.428.197;0.0000000000000
40.860.000.610.352;0.16553501602841;85.307.303.837.209;35.034.201.428.197;0.0000000000000
40.900.000.000.000;0.16369887686969;84.477.955.007.544;35.034.201.428.197;0.0000000000000
40.939.999.389.648;0.16188064846726;83.639.181.121.081;35.034.201.428.197;0.0000000000000
40.979.998.779.297;0.16008064585410;82.790.734.914.729;35.034.201.428.197;0.0000000000000
41.020.001.220.703;0.15829930735659;81.932.480.602.479;35.034.201.428.197;0.0000000000000
41.060.000.610.352;0.15653696534942;81.064.144.712.459;35.034.201.428.197;0.0000000000000
41.100.000.000.000;0.15479398456856;80.185.590.477.654;35.034.201.428.197;0.0000000000000
41.139.999.389.648;0.15307079984515;79.296.574.343.317;35.034.201.428.197;0.0000000000000
41.179.998.779.297;0.15136777749885;78.396.955.849.319;35.034.201.428.197;0.0000000000000
41.220.001.220.703;0.14968533081031;77.486.491.823.412;35.034.201.428.197;0.0000000000000
41.260.000.610.352;0.14802389236637;76.564.962.740.399;35.034.201.428.197;0.0000000000000
41.300.000.000.000;0.14638386929827;75.632.259.632.956;35.034.201.428.197;0.0000000000000
41.339.999.389.648;0.14476570404698;74.688.134.962.535;35.034.201.428.197;0.0000000000000
41.379.998.779.297;0.14316982520908;73.732.454.391.747;35.034.201.428.197;0.0000000000000
41.420.001.220.703;0.14159670558315;72.764.974.623.194;35.034.201.428.197;0.0000000000000
41.460.000.610.352;0.14004678161185;71.785.606.040.784;35.034.201.428.197;0.0000000000000
41.500.000.000.000;0.13852054329889;70.794.163.382.571;35.034.201.428.197;0.0000000000000
41.539.999.389.648;0.13701843826426;69.790.424.510.276;35.034.201.428.197;0.0000000000000
41.579.998.779.297;0.13554096422574;68.774.367.203.381;35.034.201.428.197;0.0000000000000
41.620.001.220.703;0.13408859168333;67.745.740.524.245;35.034.201.428.197;0.0000000000000
41.660.000.610.352;0.13266183285694;66.704.465.437.441;35.034.201.428.197;0.0000000000000
41.700.000.000.000;0.13126118568318;65.650.429.178.373;35.034.201.428.197;0.0000000000000
41.739.999.389.648;0.12988714997612;64.583.553.883.997;35.034.201.428.197;0.0000000000000
41.779.998.779.297;0.12854021716618;63.503.729.049.683;35.034.201.428.197;0.0000000000000
41.820.001.220.703;0.12722093033326;62.410.925.894.766;35.034.201.428.197;0.0000000000000
41.860.000.610.352;0.12592978702293;61.305.088.906.660;35.034.201.428.197;0.0000000000000
41.900.000.000.000;0.12466731568110;60.186.168.460.677;35.034.201.428.197;0.0000000000000
41.939.999.389.648;0.12343402898781;59.054.133.574.477;35.034.201.428.197;0.0000000000000
41.979.998.779.297;0.12223043676459;57.909.093.879.190;35.034.201.428.197;0.0000000000000
42.020.001.220.703;0.12105707092724;56.751.050.549.901;35.034.201.428.197;0.0000000000000
42.060.000.610.352;0.11991443105802;55.580.025.665.282;35.034.201.428.197;0.0000000000000
42.100.000.000.000;0.11880304740331;54.396.192.028.745;35.034.201.428.197;0.0000000000000
42.139.999.389.648;0.11772339956423;53.199.595.305.361;35.034.201.428.197;0.0000000000000
42.179.998.779.297;0.11667601228311;51.990.463.133.922;35.034.201.428.197;0.0000000000000
42.220.001.220.703;0.11566135002604;50.768.896.326.504;35.034.201.428.197;0.0000000000000
42.260.000.610.352;0.11467989851473;49.535.199.505.065;35.034.201.428.197;0.0000000000000
42.300.000.000.000;0.11373212487558;48.289.563.628.578;35.034.201.428.197;0.0000000000000
42.339.999.389.648;0.11281848714356;47.032.288.847.220;35.034.201.428.197;0.0000000000000
42.379.998.779.297;0.11193940841215;45.763.704.683.298;35.034.201.428.197;0.0000000000000
42.420.001.220.703;0.11109531313742;44.484.166.750.686;35.034.201.428.197;0.0000000000000
42.460.000.610.352;0.11028660809404;43.194.024.707.954;35.034.201.428.197;0.0000000000000
42.500.000.000.000;0.10951365537549;41.893.747.090.240;35.034.201.428.197;0.0000000000000
42.539.999.389.648;0.10877680728121;40.583.799.426.366;35.034.201.428.197;0.0000000000000
42.579.998.779.297;0.10807640763524;39.264.615.230.767;35.034.201.428.197;0.0000000000000
42.620.001.220.703;0.10741273573101;37.936.799.442.050;35.034.201.428.197;0.0000000000000
42.660.000.610.352;0.10678607220600;36.600.870.913.204;35.034.201.428.197;0.0000000000000
42.700.000.000.000;0.10619664030115;35.257.454.318.722;35.034.201.428.197;0.0000000000000
42.739.999.389.648;0.10564465942389;33.907.126.176.626;35.034.201.428.197;0.0000000000000
42.779.998.779.297;0.10513029212921;32.550.596.061.064;35.034.201.428.197;0.0000000000000
42.820.001.220.703;0.10465367001729;31.188.545.643.658;35.034.201.428.197;0.0000000000000
42.860.000.610.352;0.10421489715460;29.821.635.172.519;35.034.201.428.197;0.0000000000000
42.900.000.000.000;0.10381401973403;28.450.624.747.446;35.034.201.428.197;0.0000000000000
42.939.999.389.648;0.10345106724255;27.076.308.387.562;35.034.201.428.197;0.0000000000000
42.979.998.779.297;0.10312600823016;25.699.342.185.506;35.034.201.428.197;0.0000000000000
43.020.001.220.703;0.10283878099301;24.320.628.041.190;35.034.201.428.197;0.0000000000000
43.060.000.610.352;0.10258928567364;22.940.846.833.391;35.034.201.428.197;0.0000000000000
43.100.000.000.000;0.10237737158144;21.560.875.296.280;35.034.201.428.197;0.0000000000000
43.139.999.389.648;0.10220285481206;20.181.532.927.702;35.034.201.428.197;0.0000000000000
43.179.998.779.297;0.10206549896545;18.803.498.986.264;35.034.201.428.197;0.0000000000000
43.220.001.220.703;0.10196503694432;17.427.683.401.430;35.034.201.428.197;0.0000000000000
43.260.000.610.352;0.10190116631243;16.054.841.967.359;35.034.201.428.197;0.0000000000000
43.300.000.000.000;0.10187353049326;14.685.744.591.736;35.034.201.428.197;0.0000000000000
43.339.999.389.648;0.10188174965716;13.321.126.400.727;35.034.201.428.197;0.0000000000000
43.379.998.779.297;0.10192540213567;11.961.782.713.255;35.034.201.428.197;0.0000000000000
43.420.001.220.703;0.10200403170152;10.608.449.050.931;35.034.201.428.197;0.0000000000000
43.460.000.610.352;0.10211715306390;92.618.087.406.840;35.034.201.428.197;0.0000000000000
43.500.000.000.000;0.10226423559985;79.225.444.515.982;35.034.201.428.197;0.0000000000000
43.539.999.389.648;0.10244473519754;65.912.857.861.503;35.034.201.428.197;0.0000000000000
43.579.998.779.297;0.10265806990007;52.686.885.315.078;35.034.201.428.197;0.0000000000000
43.620.001.220.703;0.10290364978719;39.553.252.120.717;35.034.201.428.197;0.0000000000000
43.660.000.610.352;0.10318083720647;26.517.697.423.047;35.034.201.428.197;0.0000000000000
43.700.000.000.000;0.10348899216661;13.585.418.621.526;35.034.201.428.197;0.0000000000000
43.739.999.389.648;0.10382744895262;0.076132932295809;35.034.201.428.197;0.0000000000000
43.779.998.779.297;0.10419553201021;-11.949.926.034.523;35.034.201.428.197;0.0000000000000
43.820.001.220.703;0.10459255123290;-24.544.247.049.667;35.034.201.428.197;0.0000000000000
43.860.000.610.352;0.10501778993496;-37.017.812.384.844;35.034.201.428.197;0.0000000000000
43.900.000.000.000;0.10547054252946;-49.367.063.806.568;35.034.201.428.197;0.0000000000000
43.939.999.389.648;0.10595007601515;-61.589.004.030.078;35.034.201.428.197;0.0000000000000
43.979.998.779.297;0.10645566861812;-73.680.358.668.940;35.034.201.428.197;0.0000000000000
44.020.001.220.703;0.10698659991889;-85.639.194.934.364;35.034.201.428.197;0.0000000000000
44.060.000.610.352;0.10754213024062;-97.463.349.916.541;35.034.201.428.197;0.0000000000000
44.100.000.000.000;0.10812152093050;-10.915.062.299.876;35.034.201.428.197;0.0000000000000
44.139.999.389.648;0.10872404563134;-12.069.993.006.880;35.034.201.428.197;0.0000000000000
44.179.998.779.297;0.10934897672074;-13.210.989.982.985;35.034.201.428.197;0.0000000000000
44.220.001.220.703;0.10999560874931;-14.337.970.898.374;35.034.201.428.197;0.0000000000000
44.260.000.610.352;0.11066320671362;-15.450.854.380.942;35.034.201.428.197;0.0000000000000
44.300.000.000.000;0.11135106408910;-16.549.640.797.037;35.034.201.428.197;0.0000000000000
44.339.999.389.648;0.11205848605271;-17.634.274.563.417;35.034.201.428.197;0.0000000000000
44.379.998.779.297;0.11278478895489;-18.704.782.856.773;35.034.201.428.197;0.0000000000000
44.420.001.220.703;0.11352927859587;-19.761.169.180.840;35.034.201.428.197;0.0000000000000
44.460.000.610.352;0.11429129618123;-20.803.537.154.536;35.034.201.428.197;0.0000000000000
44.500.000.000.000;0.11507018195524;-21.831.861.600.830;35.034.201.428.197;0.0000000000000
44.539.999.389.648;0.11586528315371;-22.846.335.820.454;35.034.201.428.197;0.0000000000000
44.579.998.779.297;0.11667598703669;-23.847.015.775.974;35.034.201.428.197;0.0000000000000
44.620.001.220.703;0.11750165999722;-24.833.977.185.760;35.034.201.428.197;0.0000000000000
44.660.000.610.352;0.11834170533448;-25.807.388.344.466;35.034.201.428.197;0.0000000000000
44.700.000.000.000;0.11919553477415;-26.767.384.905.345;35.034.201.428.197;0.0000000000000
44.739.999.389.648;0.12006257255764;-27.714.103.909.239;35.034.201.428.197;0.0000000000000
44.779.998.779.297;0.12094224938098;-28.647.708.409.319;35.034.201.428.197;0.0000000000000
44.820.001.220.703;0.12183402954761;-29.568.363.496.138;35.034.201.428.197;0.0000000000000
44.860.000.610.352;0.12273736276247;-30.476.231.642.095;35.034.201.428.197;0.0000000000000
44.900.000.000.000;0.12365176061494;-31.371.479.440.257;35.034.201.428.197;0.0000000000000
44.939.999.389.648;0.12457668603130;-32.254.323.248.664;35.034.201.428.197;0.0000000000000
44.979.998.779.297;0.12551167541737;-33.124.978.452.309;35.034.201.428.197;0.0000000000000
45.020.001.220.703;0.12645624762772;-33.983.560.210.256;35.034.201.428.197;0.0000000000000
45.060.000.610.352;0.12740993410527;-34.830.311.842.343;35.034.201.428.197;0.0000000000000
45.100.000.000.000;0.12837229811590;-35.665.427.701.797;35.034.201.428.197;0.0000000000000
45.139.999.389.648;0.12934291827364;-36.489.093.587.949;35.034.201.428.197;0.0000000000000
45.179.998.779.297;0.13032134128865;-37.301.530.571.820;35.034.201.428.197;0.0000000000000
45.220.001.220.703;0.13130717943146;-38.102.929.957.100;35.034.201.428.197;0.0000000000000
45.260.000.610.352;0.13230006034981;-38.893.484.733.208;35.034.201.428.197;0.0000000000000
45.300.000.000.000;0.13329957438185;-39.673.436.942.171;35.034.201.428.197;0.0000000000000
45.339.999.389.648;0.13430537923014;-40.442.924.592.193;35.034.201.428.197;0.0000000000000
45.379.998.779.297;0.13531708069351;-41.202.168.609.188;35.034.201.428.197;0.0000000000000
45.420.001.220.703;0.13633437235391;-41.951.385.205.161;35.034.201.428.197;0.0000000000000
45.460.000.610.352;0.13735692522568;-42.690.770.843.082;35.034.201.428.197;0.0000000000000
45.500.000.000.000;0.13838438993177;-43.420.505.856.630;35.034.201.428.197;0.0000000000000
45.539.999.389.648;0.13941646772099;-44.140.764.696.154;35.034.201.428.197;0.0000000000000
45.579.998.779.297;0.14045287732080;-44.851.813.662.491;35.034.201.428.197;0.0000000000000
45.620.001.220.703;0.14149330971362;-45.553.738.473.728;35.034.201.428.197;0.0000000000000
45.660.000.610.352;0.14253748782765;-46.246.783.540.809;35.034.201.428.197;0.0000000000000
45.700.000.000.000;0.14358514658454;-46.931.141.794.580;35.034.201.428.197;0.0000000000000
45.739.999.389.648;0.14463602954182;-47.606.945.866.342;35.034.201.428.197;0.0000000000000
45.779.998.779.297;0.14568990608023;-48.274.448.022.157;35.034.201.428.197;0.0000000000000
45.820.001.220.703;0.14674650563405;-48.933.751.474.064;35.034.201.428.197;0.0000000000000
45.860.000.610.352;0.14780560225265;-49.585.022.456.280;35.034.201.428.197;0.0000000000000
45.900.000.000.000;0.14886698566646;-50.228.482.168.084;35.034.201.428.197;0.0000000000000
45.939.999.389.648;0.14993041548615;-50.864.262.928.462;35.034.201.428.197;0.0000000000000
45.979.998.779.297;0.15099570848753;-51.492.532.501.118;35.034.201.428.197;0.0000000000000
46.020.001.220.703;0.15206264715697;-52.113.424.193.130;35.034.201.428.197;0.0000000000000
46.060.000.610.352;0.15313107172114;-52.727.129.388.935;35.034.201.428.197;0.0000000000000
46.100.000.000.000;0.15420074027211;-53.333.815.408.724;35.034.201.428.197;0.0000000000000
46.139.999.389.648;0.15527153284113;-53.933.588.456.992;35.034.201.428.197;0.0000000000000
46.179.998.779.297;0.15634324068078;-54.526.611.611.741;35.034.201.428.197;0.0000000000000
46.220.001.220.703;0.15741569848598;-55.112.997.161.076;35.034.201.428.197;0.0000000000000
46.260.000.610.352;0.15848877993749;-55.692.935.344.464;35.034.201.428.197;0.0000000000000
46.300.000.000.000;0.15956229538828;-56.266.535.169.105;35.034.201.428.197;0.0000000000000
46.339.999.389.648;0.16063611177584;-56.833.931.868.473;35.034.201.428.197;0.0000000000000
46.379.998.779.297;0.16171008357204;-57.395.237.202.716;35.034.201.428.197;0.0000000000000
46.420.001.220.703;0.16278407257451;-57.950.616.670.895;35.034.201.428.197;0.0000000000000
46.460.000.610.352;0.16385795173322;-58.500.140.177.411;35.034.201.428.197;0.0000000000000
46.500.000.000.000;0.16493158357988;-59.043.991.462.655;35.034.201.428.197;0.0000000000000
46.539.999.389.648;0.16600486857883;-59.582.262.458.100;35.034.201.428.197;0.0000000000000
46.579.998.779.297;0.16707767304227;-60.115.073.581.840;35.034.201.428.197;0.0000000000000
46.620.001.220.703;0.16814988270799;-60.642.553.744.985;35.034.201.428.197;0.0000000000000
46.660.000.610.352;0.16922140291637;-61.164.735.930.489;35.034.201.428.197;0.0000000000000
46.700.000.000.000;0.17029211656572;-61.681.810.915.857;35.034.201.428.197;0.0000000000000
46.739.999.389.648;0.17136192256845;-62.193.855.312.483;35.034.201.428.197;0.0000000000000
46.779.998.779.297;0.17243074194648;-62.700.983.455.565;35.034.201.428.197;0.0000000000000
46.820.001.220.703;0.17349846388290;-63.203.275.426.137;35.034.201.428.197;0.0000000000000
46.860.000.610.352;0.17456501232705;-63.700.841.930.793;35.034.201.428.197;0.0000000000000
46.900.000.000.000;0.17563027765508;-64.193.760.155.093;35.034.201.428.197;0.0000000000000
46.939.999.389.648;0.17669422390640;-64.682.145.831.046;35.034.201.428.197;0.0000000000000
46.979.998.779.297;0.17775672463424;-65.166.051.736.529;35.034.201.428.197;0.0000000000000
47.020.001.220.703;0.17881773538909;-65.645.667.343.161;35.034.201.428.197;0.0000000000000
47.060.000.610.352;0.17987718449219;-66.120.994.698.520;35.034.201.428.197;0.0000000000000
47.100.000.000.000;0.18093496145003;-66.592.059.197.695;35.034.201.428.197;0.0000000000000
47.139.999.389.648;0.18199104033057;-67.059.108.781.422;35.034.201.428.197;0.0000000000000
47.179.998.779.297;0.18304536308441;-67.522.057.560.055;35.034.201.428.197;0.0000000000000
47.220.001.220.703;0.18409783129425;-67.981.100.565.154;35.034.201.428.197;0.0000000000000
47.260.000.610.352;0.18514840330591;-68.436.319.439.696;35.034.201.428.197;0.0000000000000
47.300.000.000.000;0.18619703810949;-68.887.603.899.003;35.034.201.428.197;0.0000000000000
47.339.999.389.648;0.18724365071855;-69.335.281.001.848;35.034.201.428.197;0.0000000000000
47.379.998.779.297;0.18828822220749;-69.779.271.103.978;35.034.201.428.197;0.0000000000000
47.420.001.220.703;0.18933067526868;-70.219.679.994.389;35.034.201.428.197;0.0000000000000
47.460.000.610.352;0.19037097174065;-70.656.595.467.542;35.034.201.428.197;0.0000000000000
47.500.000.000.000;0.19140908511486;-71.090.068.309.452;35.034.201.428.197;0.0000000000000
47.539.999.389.648;0.19244493934570;-71.520.177.729.366;35.034.201.428.197;0.0000000000000
47.579.998.779.297;0.19347851036923;-71.946.928.050.287;35.034.201.428.197;0.0000000000000
47.620.001.220.703;0.19450974864930;-72.370.400.370.741;35.034.201.428.197;0.0000000000000
47.660.000.610.352;0.19553861198698;-72.790.728.897.911;35.034.201.428.197;0.0000000000000
47.700.000.000.000;0.19656509509224;-73.207.972.214.675;35.034.201.428.197;0.0000000000000
47.739.999.389.648;0.19758911879951;-73.622.046.598.628;35.034.201.428.197;0.0000000000000
47.779.998.779.297;0.19861067483973;-74.033.113.873.511;35.034.201.428.197;0.0000000000000
47.820.001.220.703;0.19962972897895;-74.441.258.935.485;35.034.201.428.197;0.0000000000000
47.860.000.610.352;0.20064624973911;-74.846.452.017.931;35.034.201.428.197;0.0000000000000
47.900.000.000.000;0.20166020493728;-75.248.806.308.316;35.034.201.428.197;0.0000000000000
47.939.999.389.648;0.20267155757334;-75.648.343.395.354;35.034.201.428.197;0.0000000000000
47.979.998.779.297;0.20368028070920;-76.045.122.719.832;35.034.201.428.197;0.0000000000000
48.020.001.220.703;0.20468637637076;-76.439.170.702.204;35.034.201.428.197;0.0000000000000
48.060.000.610.352;0.20568979132235;-76.830.649.777.396;35.034.201.428.197;0.0000000000000
48.100.000.000.000;0.20669050479993;-77.219.451.343.179;35.034.201.428.197;0.0000000000000
48.139.999.389.648;0.20768850791472;-77.605.684.741.977;35.034.201.428.197;0.0000000000000
48.179.998.779.297;0.20868377766510;-77.989.405.277.588;35.034.201.428.197;0.0000000000000
48.220.001.220.703;0.20967626861632;-78.370.638.437.953;35.034.201.428.197;0.0000000000000
48.260.000.610.352;0.21066598278660;-78.749.467.434.219;35.034.201.428.197;0.0000000000000
48.300.000.000.000;0.21165289314227;-79.125.892.559.937;35.034.201.428.197;0.0000000000000
48.339.999.389.648;0.21263700664496;-79.499.969.769.601;35.034.201.428.197;0.0000000000000
48.379.998.779.297;0.21361827672058;-79.871.723.370.938;35.034.201.428.197;0.0000000000000
48.420.001.220.703;0.21459670806785;-80.241.236.991.999;35.034.201.428.197;0.0000000000000
48.460.000.610.352;0.21557224703695;-80.608.426.879.652;35.034.201.428.197;0.0000000000000
48.500.000.000.000;0.21654493152422;-80.973.542.382.346;35.034.201.428.197;0.0000000000000
48.539.999.389.648;0.21751469578184;-81.336.443.485.716;35.034.201.428.197;0.0000000000000
48.579.998.779.297;0.21848157599128;-81.697.159.148.648;35.034.201.428.197;0.0000000000000
48.620.001.220.703;0.21944550656684;-82.055.935.391.536;35.034.201.428.197;0.0000000000000
48.660.000.610.352;0.22040652597510;-82.412.499.023.251;35.034.201.428.197;0.0000000000000
48.700.000.000.000;0.22136457722315;-82.767.176.561.387;35.034.201.428.197;0.0000000000000
48.739.999.389.648;0.22231969472303;-83.119.833.368.560;35.034.201.428.197;0.0000000000000
48.779.998.779.297;0.22327183239235;-83.470.549.704.397;35.034.201.428.197;0.0000000000000
48.820.001.220.703;0.22422100865711;-83.819.299.258.751;35.034.201.428.197;0.0000000000000
48.860.000.610.352;0.22516717868559;-84.166.163.286.707;35.034.201.428.197;0.0000000000000
48.900.000.000.000;0.22611034772838;-84.511.142.552.899;35.034.201.428.197;0.0000000000000
48.939.999.389.648;0.22705054487403;-84.854.373.478.840;35.034.201.428.197;0.0000000000000
48.979.998.779.297;0.22798768758032;-85.195.773.402.364;35.034.201.428.197;0.0000000000000
49.020.001.220.703;0.22892184336517;-85.535.370.484.884;35.034.201.428.197;0.0000000000000
49.060.000.610.352;0.22985295962327;-85.873.246.331.758;35.034.201.428.197;0.0000000000000
49.100.000.000.000;0.23078103313320;-86.209.428.183.432;35.034.201.428.197;0.0000000000000
49.139.999.389.648;0.23170606736698;-86.543.916.359.933;35.034.201.428.197;0.0000000000000
49.179.998.779.297;0.23262804871874;-86.876.710.667.428;35.034.201.428.197;0.0000000000000
49.220.001.220.703;0.23354697489191;-87.207.892.758.354;35.034.201.428.197;0.0000000000000
49.260.000.610.352;0.23446284819202;-87.537.462.988.567;35.034.201.428.197;0.0000000000000
49.300.000.000.000;0.23537564975780;-87.865.448.705.182;35.034.201.428.197;0.0000000000000
49.339.999.389.648;0.23628534980774;-88.191.849.694.341;35.034.201.428.197;0.0000000000000
49.379.998.779.297;0.23719201197749;-88.516.748.273.397;35.034.201.428.197;0.0000000000000
49.420.001.220.703;0.23809556562834;-88.840.116.617.465;35.034.201.428.197;0.0000000000000
49.460.000.610.352;0.23899605143086;-89.161.982.522.513;35.034.201.428.197;0.0000000000000
49.500.000.000.000;0.23989342023892;-89.482.400.288.812;35.034.201.428.197;0.0000000000000
49.539.999.389.648;0.24078771623783;-89.801.370.134.520;35.034.201.428.197;0.0000000000000
49.579.998.779.297;0.24167889234276;-90.118.891.954.899;35.034.201.428.197;0.0000000000000
49.620.001.220.703;0.24256694607713;-90.435.020.469.708;35.034.201.428.197;0.0000000000000
49.660.000.610.352;0.24345192145225;-90.749.782.918.975;35.034.201.428.197;0.0000000000000
49.700.000.000.000;0.24433376738052;-91.063.124.690.334;35.034.201.428.197;0.0000000000000
49.739.999.389.648;0.24521252001708;-91.375.182.205.584;35.034.201.428.197;0.0000000000000
49.779.998.779.297;0.24608812807125;-91.685.901.232.138;35.034.201.428.197;0.0000000000000
49.820.001.220.703;0.24696060935384;-91.995.336.080.527;35.034.201.428.197;0.0000000000000
49.860.000.610.352;0.24782996627929;-92.303.432.327.673;35.034.201.428.197;0.0000000000000
49.900.000.000.000;0.24869620235357;-92.610.326.221.111;35.034.201.428.197;0.0000000000000
49.939.999.389.648;0.24955927815326;-92.915.908.989.886;35.034.201.428.197;0.0000000000000
49.979.998.779.297;0.25041924055211;-93.220.289.602.319;35.034.201.428.197;0.0000000000000
50.020.001.220.703;0.25127604133020;-93.523.468.055.806;35.034.201.428.197;0.0000000000000
50.060.000.610.352;0.25212971222695;-93.825.416.867.878;35.034.201.428.197;0.0000000000000
50.100.000.000.000;0.25298022623871;-94.126.218.407.889;35.034.201.428.197;0.0000000000000
50.139.999.389.648;0.25382761478708;-94.425.845.018.601;35.034.201.428.197;0.0000000000000
50.179.998.779.297;0.25467179603981;-94.724.297.414.923;35.034.201.428.197;0.0000000000000
50.220.001.220.703;0.25551286764667;-95.021.656.391.272;35.034.201.428.197;0.0000000000000
50.260.000.610.352;0.25635075808552;-95.317.867.983.632;35.034.201.428.197;0.0000000000000
50.300.000.000.000;0.25718547905265;-95.613.014.330.633;35.034.201.428.197;0.0000000000000
50.339.999.389.648;0.25801707463393;-95.907.039.713.018;35.034.201.428.197;0.0000000000000
50.379.998.779.297;0.25884542771176;-96.200.001.163.023;35.034.201.428.197;0.0000000000000
50.420.001.220.703;0.25967067827945;-96.491.922.939.185;35.034.201.428.197;0.0000000000000
50.460.000.610.352;0.26049273099920;-96.782.779.940.923;35.034.201.428.197;0.0000000000000
50.500.000.000.000;0.26131160568220;-97.072.598.350.695;35.034.201.428.197;0.0000000000000
50.539.999.389.648;0.26212729509285;-97.361.407.049.088;35.034.201.428.197;0.0000000000000
50.579.998.779.297;0.26293982040580;-97.649.229.564.205;35.034.201.428.197;0.0000000000000
50.620.001.220.703;0.26374916155819;-97.936.070.166.104;35.034.201.428.197;0.0000000000000
50.660.000.610.352;0.26455530581071;-98.221.900.168.592;35.034.201.428.197;0.0000000000000
50.700.000.000.000;0.26535823380514;-98.506.774.207.426;35.034.201.428.197;0.0000000000000
50.739.999.389.648;0.26615801132598;-98.790.691.564.277;35.034.201.428.197;0.0000000000000
50.779.998.779.297;0.26695457334949;-99.073.679.857.669;35.034.201.428.197;0.0000000000000
50.820.001.220.703;0.26774789562526;-99.355.739.285.549;35.034.201.428.197;0.0000000000000
50.860.000.610.352;0.26853810338823;-99.636.869.406.810;35.034.201.428.197;0.0000000000000
50.900.000.000.000;0.26932500493573;-99.917.126.747.048;35.034.201.428.197;0.0000000000000
50.939.999.389.648;0.27010877014867;-10.019.645.384.684;35.034.201.428.197;0.0000000000000
50.979.998.779.297;0.27088929886718;-10.047.490.758.152;35.034.201.428.197;0.0000000000000
51.020.001.220.703;0.27166662342885;-10.075.248.494.033;35.034.201.428.197;0.0000000000000
51.060.000.610.352;0.27244072126409;-10.102.919.048.866;35.034.201.428.197;0.0000000000000
51.100.000.000.000;0.27321159250271;-10.130.502.136.935;35.034.201.428.197;0.0000000000000
51.139.999.389.648;0.27397923136990;-10.158.003.210.095;35.034.201.428.197;0.0000000000000
51.179.998.779.297;0.27474367852037;-10.185.416.748.112;35.034.201.428.197;0.0000000000000
51.220.001.220.703;0.27550489584239;-10.212.753.835.402;35.034.201.428.197;0.0000000000000
51.259.997.558.594;0.27626283424988;-10.240.009.154.816;35.034.201.428.197;0.0000000000000
51.300.000.000.000;0.27701761310356;-10.267.182.254.406;35.034.201.428.197;0.0000000000000
51.340.002.441.406;0.27776908640038;-10.294.273.645.172;35.034.201.428.197;0.0000000000000
51.379.998.779.297;0.27851734298626;-10.321.288.410.313;35.034.201.428.197;0.0000000000000
51.420.001.220.703;0.27926232388487;-10.348.221.197.039;35.034.201.428.197;0.0000000000000
51.459.997.558.594;0.28000412745232;-10.375.082.935.765;35.034.201.428.197;0.0000000000000
51.500.000.000.000;0.28074263177809;-10.401.868.165.608;35.034.201.428.197;0.0000000000000
51.540.002.441.406;0.28147786262075;-10.428.571.507.900;35.034.201.428.197;0.0000000000000
51.579.998.779.297;0.28220986334056;-10.455.203.906.779;35.034.201.428.197;0.0000000000000
51.620.001.220.703;0.28293860293420;-10.481.765.064.561;35.034.201.428.197;0.0000000000000
51.659.997.558.594;0.28366407542842;-10.508.249.715.904;35.034.201.428.197;0.0000000000000
51.700.000.000.000;0.28438626147903;-10.534.663.426.046;35.034.201.428.197;0.0000000000000
51.740.002.441.406;0.28510522324248;-10.561.006.137.270;35.034.201.428.197;0.0000000000000
51.779.998.779.297;0.28582091377024;-10.587.272.322.180;35.034.201.428.197;0.0000000000000
51.820.001.220.703;0.28653329924920;-10.613.472.847.188;35.034.201.428.197;0.0000000000000
51.859.997.558.594;0.28724239976651;-10.639.602.564.107;35.034.201.428.197;0.0000000000000
51.900.000.000.000;0.28794822589238;-10.665.666.442.881;35.034.201.428.197;0.0000000000000
51.940.002.441.406;0.28865077463966;-10.691.654.038.888;35.034.201.428.197;0.0000000000000
51.979.998.779.297;0.28935003872002;-10.717.581.371.309;35.034.201.428.197;0.0000000000000
52.020.001.220.703;0.29004601024167;-10.743.437.853.425;35.034.201.428.197;0.0000000000000
52.059.997.558.594;0.29073870530460;-10.769.228.653.862;35.034.201.428.197;0.0000000000000
52.100.000.000.000;0.29142809184969;-10.794.953.820.326;35.034.201.428.197;0.0000000000000
52.140.002.441.406;0.29211416999644;-10.820.613.499.071;35.034.201.428.197;0.0000000000000
52.179.998.779.297;0.29279696507709;-10.846.207.504.633;35.034.201.428.197;0.0000000000000
52.220.001.220.703;0.29347647320499;-10.871.735.823.841;35.034.201.428.197;0.0000000000000
52.259.997.558.594;0.29415266655666;-10.897.204.270.440;35.034.201.428.197;0.0000000000000
52.300.000.000.000;0.29482553722054;-10.922.607.154.958;35.034.201.428.197;0.0000000000000
52.340.002.441.406;0.29549508144053;-10.947.944.589.599;35.034.201.428.197;0.0000000000000
52.379.998.779.297;0.29616133310151;-10.973.227.285.703;35.034.201.428.197;0.0000000000000
52.420.001.220.703;0.29682427135343;-10.998.438.893.734;35.034.201.428.197;0.0000000000000
52.459.997.558.594;0.29748387991595;-11.023.595.796.943;35.034.201.428.197;0.0000000000000
52.500.000.000.000;0.29814021291197;-11.048.692.580.208;35.034.201.428.197;0.0000000000000
52.540.002.441.406;0.29879319411359;-11.073.723.993.585;35.034.201.428.197;0.0000000000000
52.579.998.779.297;0.29944286301499;-11.098.700.452.373;35.034.201.428.197;0.0000000000000
52.620.001.220.703;0.30008916777784;-11.123.611.636.928;35.034.201.428.197;0.0000000000000
52.659.997.558.594;0.30073218436227;-11.148.467.955.542;35.034.201.428.197;0.0000000000000
52.700.000.000.000;0.30137190154223;-11.173.264.410.722;35.034.201.428.197;0.0000000000000
52.740.002.441.406;0.30200823994848;-11.198.000.642.431;35.034.201.428.197;0.0000000000000
52.779.998.779.297;0.30264127639490;-11.222.682.105.876;35.034.201.428.197;0.0000000000000
52.820.001.220.703;0.30327099132234;-11.247.303.692.885;35.034.201.428.197;0.0000000000000
52.859.997.558.594;0.30389735731600;-11.271.870.408.961;35.034.201.428.197;0.0000000000000
52.900.000.000.000;0.30452041171989;-11.296.376.990.957;35.034.201.428.197;0.0000000000000
52.940.002.441.406;0.30514011215136;-11.320.829.149.391;35.034.201.428.197;0.0000000000000
52.979.998.779.297;0.30575648061629;-11.345.221.110.725;35.034.201.428.197;0.0000000000000
53.020.001.220.703;0.30636950480068;-11.369.563.954.204;35.034.201.428.197;0.0000000000000
53.059.997.558.594;0.30697924275731;-11.393.846.557.177;35.034.201.428.197;0.0000000000000
53.100.000.000.000;0.30758559089935;-11.418.074.641.755;35.034.201.428.197;0.0000000000000
53.140.002.441.406;0.30818863833139;-11.442.248.214.705;35.034.201.428.197;0.0000000000000
53.179.998.779.297;0.30878836425726;-11.466.366.810.544;35.034.201.428.197;0.0000000000000
53.220.001.220.703;0.30938473859655;-11.490.430.951.332;35.034.201.428.197;0.0000000000000
53.259.997.558.594;0.30997781202130;-11.514.440.456.296;35.034.201.428.197;0.0000000000000
53.300.000.000.000;0.31056750752121;-11.538.395.322.180;35.034.201.428.197;0.0000000000000
53.340.002.441.406;0.31115390757571;-11.562.295.366.541;35.034.201.428.197;0.0000000000000
53.379.998.779.297;0.31173696298762;-11.586.146.717.033;35.034.201.428.197;0.0000000000000
53.420.001.220.703;0.31231672172739;-11.609.942.763.571;35.034.201.428.197;0.0000000000000
53.459.997.558.594;0.31289311806847;-11.633.679.114.167;35.034.201.428.197;0.0000000000000
53.500.000.000.000;0.31346620847890;-11.657.371.885.875;35.034.201.428.197;0.0000000000000
53.540.002.441.406;0.31403597026634;-11.681.009.583.271;35.034.201.428.197;0.0000000000000
53.579.998.779.297;0.31460244200057;-11.704.592.922.695;35.034.201.428.197;0.0000000000000
53.620.001.220.703;0.31516556832566;-11.728.121.649.810;35.034.201.428.197;0.0000000000000
53.659.997.558.594;0.31572541807554;-11.751.601.048.676;35.034.201.428.197;0.0000000000000
53.700.000.000.000;0.31628195184598;-11.775.031.310.277;35.034.201.428.197;0.0000000000000
53.740.002.441.406;0.31683516886217;-11.798.407.068.076;35.034.201.428.197;0.0000000000000
53.779.998.779.297;0.31738507766226;-11.821.728.035.064;35.034.201.428.197;0.0000000000000
53.820.001.220.703;0.31793168979557;-11.844.999.683.048;35.034.201.428.197;0.0000000000000
53.859.997.558.594;0.31847500414717;-11.868.222.409.348;35.034.201.428.197;0.0000000000000
53.900.000.000.000;0.31901506435765;-11.891.395.851.834;35.034.201.428.197;0.0000000000000
53.940.002.441.406;0.31955182734405;-11.914.514.678.875;35.034.201.428.197;0.0000000000000
53.979.998.779.297;0.32008527408689;-11.937.584.324.672;35.034.201.428.197;0.0000000000000
54.020.001.220.703;0.32061549851415;-11.960.599.588.894;35.034.201.428.197;0.0000000000000
54.059.997.558.594;0.32114242756210;-11.983.565.203.521;35.034.201.428.197;0.0000000000000
54.100.000.000.000;0.32166613101505;-12.006.481.689.448;35.034.201.428.197;0.0000000000000
54.140.002.441.406;0.32218653054254;-12.029.349.235.550;35.034.201.428.197;0.0000000000000
54.179.998.779.297;0.32270369066076;-12.052.161.940.504;35.034.201.428.197;0.0000000000000
54.220.001.220.703;0.32321763568332;-12.074.931.491.926;35.034.201.428.197;0.0000000000000
54.259.997.558.594;0.32372832287695;-12.097.645.699.925;35.034.201.428.197;0.0000000000000
54.300.000.000.000;0.32423578431205;-12.120.311.238.812;35.034.201.428.197;0.0000000000000
54.340.002.441.406;0.32474006667389;-12.142.926.924.179;35.034.201.428.197;0.0000000000000
54.379.998.779.297;0.32524108022089;-12.165.488.708.040;35.034.201.428.197;0.0000000000000
54.420.001.220.703;0.32573891256740;-12.188.006.651.958;35.034.201.428.197;0.0000000000000
54.459.997.558.594;0.32623352714348;-12.210.475.195.179;35.034.201.428.197;0.0000000000000
54.500.000.000.000;0.32672499732104;-12.232.889.081.748;35.034.201.428.197;0.0000000000000
54.540.002.441.406;0.32721324060262;-12.255.259.295.262;35.034.201.428.197;0.0000000000000
54.579.998.779.297;0.32769837717638;-12.277.575.071.381;35.034.201.428.197;0.0000000000000
54.620.001.220.703;0.32818030423707;-12.299.846.697.767;35.034.201.428.197;0.0000000000000
54.659.997.558.594;0.32865912176693;-12.322.058.296.870;35.034.201.428.197;0.0000000000000
54.700.000.000.000;0.32913480663378;-12.344.231.671.042;35.034.201.428.197;0.0000000000000
54.740.002.441.406;0.32960733903928;-12.366.350.707.719;35.034.201.428.197;0.0000000000000
54.779.998.779.297;0.33007674750980;-12.388.426.071.535;35.034.201.428.197;0.0000000000000
54.820.001.220.703;0.33054310995778;-12.410.446.354.536;35.034.201.428.197;0.0000000000000
54.859.997.558.594;0.33100632315559;-12.432.417.819.864;35.034.201.428.197;0.0000000000000
54.900.000.000.000;0.33146648979078;-12.454.339.949.330;35.034.201.428.197;0.0000000000000
54.940.002.441.406;0.33192356975656;-12.476.218.591.531;35.034.201.428.197;0.0000000000000
54.979.998.779.297;0.33237762790361;-12.498.047.700.091;35.034.201.428.197;0.0000000000000
55.020.001.220.703;0.33282860153733;-12.519.822.718.798;35.034.201.428.197;0.0000000000000
55.059.997.558.594;0.33327657245307;-12.541.553.337.670;35.034.201.428.197;0.0000000000000
55.100.000.000.000;0.33372155070713;-12.563.229.690.062;35.034.201.428.197;0.0000000000000
55.140.002.441.406;0.33416350727566;-12.584.862.184.035;35.034.201.428.197;0.0000000000000
55.179.998.779.297;0.33460246728466;-12.606.445.772.087;35.034.201.428.197;0.0000000000000
55.220.001.220.703;0.33503848716856;-12.627.979.709.949;35.034.201.428.197;0.0000000000000
55.259.997.558.594;0.33547157699994;-12.649.464.759.603;35.034.201.428.197;0.0000000000000
55.300.000.000.000;0.33590167867927;-12.670.900.956.394;35.034.201.428.197;0.0000000000000
55.340.002.441.406;0.33632889789327;-12.692.292.911.934;35.034.201.428.197;0.0000000000000
55.379.998.779.297;0.33675319977872;-12.713.630.184.777;35.034.201.428.197;0.0000000000000
55.420.001.220.703;0.33717460167651;-12.734.918.790.440;35.034.201.428.197;0.0000000000000
55.459.997.558.594;0.33759313669091;-12.756.163.285.672;35.034.201.428.197;0.0000000000000
55.500.000.000.000;0.33800882680412;-12.777.358.797.810;35.034.201.428.197;0.0000000000000
55.540.002.441.406;0.33842167682735;-12.798.505.115.207;35.034.201.428.197;0.0000000000000
55.579.998.779.297;0.33883170022054;-12.819.602.219.066;35.034.201.428.197;0.0000000000000
55.620.001.220.703;0.33923894266016;-12.840.649.966.828;35.034.201.428.197;0.0000000000000
55.659.997.558.594;0.33964338855052;-12.861.654.166.730;35.034.201.428.197;0.0000000000000
55.700.000.000.000;0.34004509949055;-12.882.609.301.726;35.034.201.428.197;0.0000000000000
55.740.002.441.406;0.34044403871226;-12.903.509.519.155;35.034.201.428.197;0.0000000000000
55.779.998.779.297;0.34084027224602;-12.924.366.271.241;35.034.201.428.197;0.0000000000000
55.820.001.220.703;0.34123380554162;-12.945.179.267.013;35.034.201.428.197;0.0000000000000
55.859.997.558.594;0.34162466032829;-12.965.937.588.535;35.034.201.428.197;0.0000000000000
55.900.000.000.000;0.34201281562566;-12.986.652.284.836;35.034.201.428.197;0.0000000000000
55.940.002.441.406;0.34239835953511;-13.007.323.172.317;35.034.201.428.197;0.0000000000000
55.979.998.779.297;0.34278126367054;-13.027.939.279.480;35.034.201.428.197;0.0000000000000
56.020.001.220.703;0.34316160099541;-13.048.506.421.355;35.034.201.428.197;0.0000000000000
56.059.997.558.594;0.34353935536164;-13.069.030.070.190;35.034.201.428.197;0.0000000000000
56.100.000.000.000;0.34391456628007;-13.089.503.767.173;35.034.201.428.197;0.0000000000000
56.140.002.441.406;0.34428723587305;-13.109.928.765.681;35.034.201.428.197;0.0000000000000
56.179.998.779.297;0.34465738293906;-13.130.310.362.549;35.034.201.428.197;0.0000000000000
56.220.001.220.703;0.34502507414885;-13.150.641.946.552;35.034.201.428.197;0.0000000000000
56.259.997.558.594;0.34539026984696;-13.170.930.650.387;35.034.201.428.197;0.0000000000000
56.300.000.000.000;0.34575301964148;-13.191.164.421.084;35.034.201.428.197;0.0000000000000
56.340.002.441.406;0.34611338672722;-13.211.354.488.794;35.034.201.428.197;0.0000000000000
56.379.998.779.297;0.34647134259147;-13.231.495.541.630;35.034.201.428.197;0.0000000000000
56.420.001.220.703;0.34682692816547;-13.251.598.200.397;35.034.201.428.197;0.0000000000000
56.459.997.558.594;0.34718018446887;-13.271.646.048.416;35.034.201.428.197;0.0000000000000
56.500.000.000.000;0.34753111859269;-13.291.655.564.673;35.034.201.428.197;0.0000000000000
56.540.002.441.406;0.34787976360825;-13.311.605.309.467;35.034.201.428.197;0.0000000000000
56.579.998.779.297;0.34822612119997;-13.331.516.578.448;35.034.201.428.197;0.0000000000000
56.620.001.220.703;0.34857025227631;-13.351.384.259.683;35.034.201.428.197;0.0000000000000
56.659.997.558.594;0.34891217198387;-13.371.202.536.753;35.034.201.428.197;0.0000000000000
56.700.000.000.000;0.34925189343617;-13.390.972.006.614;35.034.201.428.197;0.0000000000000
56.740.002.441.406;0.34958943642325;-13.410.697.575.926;35.034.201.428.197;0.0000000000000
56.779.998.779.297;0.34992487442233;-13.430.373.781.225;35.034.201.428.197;0.0000000000000
56.820.001.220.703;0.35025817509907;-13.450.006.693.895;35.034.201.428.197;0.0000000000000
56.859.997.558.594;0.35058937629941;-13.469.595.827.153;35.034.201.428.197;0.0000000000000
56.900.000.000.000;0.35091853625242;-13.489.141.028.624;35.034.201.428.197;0.0000000000000
56.940.002.441.406;0.35124563860296;-13.508.637.147.227;35.034.201.428.197;0.0000000000000
56.979.998.779.297;0.35157076045612;-13.528.089.518.035;35.034.201.428.197;0.0000000000000
57.020.001.220.703;0.35189387513843;-13.547.498.302.737;35.034.201.428.197;0.0000000000000
57.059.997.558.594;0.35221506100138;-13.566.863.301.868;35.034.201.428.197;0.0000000000000
57.100.000.000.000;0.35253432772082;-13.586.178.831.998;35.034.201.428.197;0.0000000000000
57.140.002.441.406;0.35285167216715;-13.605.450.863.299;35.034.201.428.197;0.0000000000000
57.179.998.779.297;0.35316715134590;-13.624.679.508.047;35.034.201.428.197;0.0000000000000
57.220.001.220.703;0.35348078741527;-13.643.869.659.941;35.034.201.428.197;0.0000000000000
57.259.997.558.594;0.35379258901785;-13.663.010.319.138;35.034.201.428.197;0.0000000000000
57.300.000.000.000;0.35410262094625;-13.682.107.714.213;35.034.201.428.197;0.0000000000000
57.340.002.441.406;0.35441087419938;-13.701.160.919.879;35.034.201.428.197;0.0000000000000
57.379.998.779.297;0.35471740887246;-13.720.176.292.847;35.034.201.428.197;0.0000000000000
57.420.001.220.703;0.35502225444088;-13.739.142.304.905;35.034.201.428.197;0.0000000000000
57.459.997.558.594;0.35532537388077;-13.758.064.847.349;35.034.201.428.197;0.0000000000000
57.500.000.000.000;0.35562689114281;-13.776.949.163.604;35.034.201.428.197;0.0000000000000
57.540.002.441.406;0.35592672893466;-13.795.789.071.202;35.034.201.428.197;0.0000000000000
57.579.998.779.297;0.35622497494194;-13.814.591.171.041;35.034.201.428.197;0.0000000000000
57.620.001.220.703;0.35652168783696;-13.833.349.669.786;35.034.201.428.197;0.0000000000000
57.659.997.558.594;0.35681682836564;-13.852.064.803.194;35.034.201.428.197;0.0000000000000
57.700.000.000.000;0.35711047032668;-13.870.741.267.740;35.034.201.428.197;0.0000000000000
57.740.002.441.406;0.35740260617677;-13.889.373.660.153;35.034.201.428.197;0.0000000000000
57.779.998.779.297;0.35769329732596;-13.907.968.354.183;35.034.201.428.197;0.0000000000000
57.820.001.220.703;0.35798255624784;-13.926.524.648.611;35.034.201.428.197;0.0000000000000
57.859.997.558.594;0.35827038148425;-13.945.036.954.239;35.034.201.428.197;0.0000000000000
57.900.000.000.000;0.35855684751977;-13.963.511.417.736;35.034.201.428.197;0.0000000000000
57.940.002.441.406;0.35884190512994;-13.981.941.826.841;35.034.201.428.197;0.0000000000000
57.979.998.779.297;0.35912566991077;-14.000.339.477.719;35.034.201.428.197;0.0000000000000
58.020.001.220.703;0.35940815204134;-14.018.699.240.454;35.034.201.428.197;0.0000000000000
58.059.997.558.594;0.35968932103603;-14.037.015.208.685;35.034.201.428.197;0.0000000000000
58.100.000.000.000;0.35996926228508;-14.055.292.600.985;35.034.201.428.197;0.0000000000000
58.140.002.441.406;0.36024797612229;-14.073.537.583.784;35.034.201.428.197;0.0000000000000
58.179.998.779.297;0.36052545733312;-14.091.738.473.760;35.034.201.428.197;0.0000000000000
58.220.001.220.703;0.36080177351225;-14.109.906.873.497;35.034.201.428.197;0.0000000000000
58.259.997.558.594;0.36107695095225;-14.128.042.478.823;35.034.201.428.197;0.0000000000000
58.300.000.000.000;0.36135098156299;-14.146.134.279.448;35.034.201.428.197;0.0000000000000
58.340.002.441.406;0.36162392264876;-14.164.198.724.892;35.034.201.428.197;0.0000000000000
58.379.998.779.297;0.36189576652523;-14.182.219.418.645;35.034.201.428.197;0.0000000000000
58.420.001.220.703;0.36216653497078;-14.200.212.848.236;35.034.201.428.197;0.0000000000000
58.459.997.558.594;0.36243628843890;-14.218.168.027.830;35.034.201.428.197;0.0000000000000
58.500.000.000.000;0.36270505406049;-14.236.085.285.430;35.034.201.428.197;0.0000000000000
58.540.002.441.406;0.36297279966380;-14.253.969.258.917;35.034.201.428.197;0.0000000000000
58.579.998.779.297;0.36323957893321;-14.271.820.542.939;35.034.201.428.197;0.0000000000000
58.620.001.220.703;0.36350540294233;-14.289.644.506.565;35.034.201.428.197;0.0000000000000
58.659.997.558.594;0.36377031172258;-14.307.430.351.975;35.034.201.428.197;0.0000000000000
58.700.000.000.000;0.36403431056504;-14.325.194.510.113;35.034.201.428.197;0.0000000000000
58.740.002.441.406;0.36429741785258;-14.342.909.300.219;35.034.201.428.197;0.0000000000000
58.779.998.779.297;0.36455964721230;-14.360.602.011.597;35.034.201.428.197;0.0000000000000
58.820.001.220.703;0.36482105790897;-14.378.267.640.816;35.034.201.428.197;0.0000000000000
58.859.997.558.594;0.36508163077643;-14.395.894.841.569;35.034.201.428.197;0.0000000000000
58.900.000.000.000;0.36534136583552;-14.413.494.825.935;35.034.201.428.197;0.0000000000000
58.940.002.441.406;0.36560035069577;-14.431.073.047.050;35.034.201.428.197;0.0000000000000
58.979.998.779.297;0.36585853638588;-14.448.618.729.973;35.034.201.428.197;0.0000000000000
59.020.001.220.703;0.36611591915452;-14.466.136.885.933;35.034.201.428.197;0.0000000000000
59.059.997.558.594;0.36637259978982;-14.483.616.517.433;35.034.201.428.197;0.0000000000000
59.100.000.000.000;0.36662854720149;-14.501.074.566.931;35.034.201.428.197;0.0000000000000
59.140.002.441.406;0.36688379002016;-14.518.510.582.349;35.034.201.428.197;0.0000000000000
59.179.998.779.297;0.36713832566963;-14.535.914.164.529;35.034.201.428.197;0.0000000000000
59.220.001.220.703;0.36739216224899;-14.553.300.794.610;35.034.201.428.197;0.0000000000000
59.259.997.558.594;0.36764532789931;-14.570.649.451.764;35.034.201.428.197;0.0000000000000
59.300.000.000.000;0.36789782767739;-14.587.987.312.206;35.034.201.428.197;0.0000000000000
59.340.002.441.406;0.36814965385735;-14.605.286.606.344;35.034.201.428.197;0.0000000000000
59.379.998.779.297;0.36840090458688;-14.622.570.037.547;35.034.201.428.197;0.0000000000000
59.420.001.220.703;0.36865149370205;-14.639.825.610.038;35.034.201.428.197;0.0000000000000
59.459.997.558.594;0.36890143176131;-14.657.064.926.419;35.034.201.428.197;0.0000000000000
59.500.000.000.000;0.36915079344228;-14.674.277.160.439;35.034.201.428.197;0.0000000000000
59.540.002.441.406;0.36939951992027;-14.691.462.098.639;35.034.201.428.197;0.0000000000000
59.579.998.779.297;0.36964763728656;-14.708.641.302.093;35.034.201.428.197;0.0000000000000
59.620.001.220.703;0.36989520474068;-14.725.782.097.944;35.034.201.428.197;0.0000000000000
59.659.997.558.594;0.37014219221781;-14.742.912.568.334;35.034.201.428.197;0.0000000000000
59.700.000.000.000;0.37038855760758;-14.760.026.267.755;35.034.201.428.197;0.0000000000000
59.740.002.441.406;0.37063436226849;-14.777.112.386.796;35.034.201.428.197;0.0000000000000
59.779.998.779.297;0.37087961830451;-14.794.182.825.608;35.034.201.428.197;0.0000000000000
59.820.001.220.703;0.37112429230041;-14.811.230.771.758;35.034.201.428.197;0.0000000000000
59.859.997.558.594;0.37136840698916;-14.828.273.265.102;35.034.201.428.197;0.0000000000000
59.900.000.000.000;0.37161196231622;-14.845.288.674.192;35.034.201.428.197;0.0000000000000
59.940.002.441.406;0.37185489325793;-14.862.287.511.347;35.034.201.428.197;0.0000000000000
59.979.998.779.297;0.37209732038174;-14.879.275.758.211;35.034.201.428.197;0.0000000000000
60.020.001.220.703;0.37233916787540;-14.896.247.596.109;35.034.201.428.197;0.0000000000000
60.059.997.558.594;0.37258041477157;-14.913.202.853.355;35.034.201.428.197;0.0000000000000
60.100.000.000.000;0.37282109114844;-14.930.141.829.542;35.034.201.428.197;0.0000000000000
60.140.002.441.406;0.37306122197716;-14.947.074.865.911;35.034.201.428.197;0.0000000000000
60.179.998.779.297;0.37330074723221;-14.963.981.220.256;35.034.201.428.197;0.0000000000000
60.220.001.220.703;0.37353970658419;-14.980.881.705.474;35.034.201.428.197;0.0000000000000
60.259.997.558.594;0.37377802326816;-14.997.771.365.621;35.034.201.428.197;0.0000000000000
60.300.000.000.000;0.37401577869238;-15.014.650.117.673;35.034.201.428.197;0.0000000000000
60.340.002.441.406;0.37425288001598;-15.031.512.405.565;35.034.201.428.197;0.0000000000000
60.379.998.779.297;0.37448940075238;-15.048.369.377.437;35.034.201.428.197;0.0000000000000
60.420.001.220.703;0.37472527979206;-15.065.209.998.049;35.034.201.428.197;0.0000000000000
60.459.997.558.594;0.37496050951878;-15.082.044.924.635;35.034.201.428.197;0.0000000000000
60.500.000.000.000;0.37519511887437;-15.098.874.621.042;35.034.201.428.197;0.0000000000000
60.540.002.441.406;0.37542902132253;-15.115.687.667.727;35.034.201.428.197;0.0000000000000
60.579.998.779.297;0.37566226013782;-15.132.495.346.308;35.034.201.428.197;0.0000000000000
60.620.001.220.703;0.37589481212630;-15.149.297.683.298;35.034.201.428.197;0.0000000000000
60.659.997.558.594;0.37612665227741;-15.166.089.021.004;35.034.201.428.197;0.0000000000000
60.700.000.000.000;0.37635776391869;-15.182.874.889.674;35.034.201.428.197;0.0000000000000
60.740.002.441.406;0.37658815691368;-15.199.655.340.378;35.034.201.428.197;0.0000000000000
60.779.998.779.297;0.37681774115769;-15.216.430.388.612;35.034.201.428.197;0.0000000000000
60.820.001.220.703;0.37704658664382;-15.233.205.176.965;35.034.201.428.197;0.0000000000000
60.859.997.558.594;0.37727458331785;-15.249.963.724.116;35.034.201.428.197;0.0000000000000
60.900.000.000.000;0.37750182023795;-15.266.722.316.960;35.034.201.428.197;0.0000000000000
60.940.002.441.406;0.37772816744550;-15.283.475.314.661;35.034.201.428.197;0.0000000000000
60.979.998.779.297;0.37795366090887;-15.300.222.992.324;35.034.201.428.197;0.0000000000000
61.020.001.220.703;0.37817831346619;-15.316.976.318.542;35.034.201.428.197;0.0000000000000
61.059.997.558.594;0.37840201012692;-15.333.713.133.744;35.034.201.428.197;0.0000000000000
61.100.000.000.000;0.37862478305936;-15.350.466.006.242;35.034.201.428.197;0.0000000000000
61.140.002.441.406;0.37884656361858;-15.367.197.080.676;35.034.201.428.197;0.0000000000000
61.179.998.779.297;0.37906738017214;-15.383.939.301.970;35.034.201.428.197;0.0000000000000
61.220.001.220.703;0.37928715390639;-15.400.676.222.411;35.034.201.428.197;0.0000000000000
61.259.997.558.594;0.37950590473864;-15.417.412.756.758;35.034.201.428.197;0.0000000000000
61.300.000.000.000;0.37972356504132;-15.434.149.401.838;35.034.201.428.197;0.0000000000000
61.340.002.441.406;0.37994012662694;-15.450.880.618.112;35.034.201.428.197;0.0000000000000
61.379.998.779.297;0.38015555950025;-15.467.611.936.898;35.034.201.428.197;0.0000000000000
61.420.001.220.703;0.38036981088712;-15.484.348.691.361;35.034.201.428.197;0.0000000000000
61.459.997.558.594;0.38058290553385;-15.501.085.342.635;35.034.201.428.197;0.0000000000000
61.500.000.000.000;0.38079472195833;-15.517.822.043.260;35.034.201.428.197;0.0000000000000
61.540.002.441.406;0.38100530389696;-15.534.564.298.779;35.034.201.428.197;0.0000000000000
61.579.998.779.297;0.38121452499883;-15.551.300.652.068;35.034.201.428.197;0.0000000000000
61.620.001.220.703;0.38142246417510;-15.568.043.010.228;35.034.201.428.197;0.0000000000000
61.659.997.558.594;0.38162899863894;-15.584.785.148.589;35.034.201.428.197;0.0000000000000
61.700.000.000.000;0.38183413364821;-15.601.527.394.778;35.034.201.428.197;0.0000000000000
61.740.002.441.406;0.38203783004336;-15.618.274.909.951;35.034.201.428.197;0.0000000000000
61.779.998.779.297;0.38224003065230;-15.635.022.466.172;35.034.201.428.197;0.0000000000000
61.820.001.220.703;0.38244071949077;-15.651.775.618.766;35.034.201.428.197;0.0000000000000
61.859.997.558.594;0.38263984914251;-15.668.528.750.850;35.034.201.428.197;0.0000000000000
61.900.000.000.000;0.38283735303741;-15.685.292.664.904;35.034.201.428.197;0.0000000000000
61.940.002.441.406;0.38303325413060;-15.702.051.309.528;35.034.201.428.197;0.0000000000000
61.979.998.779.297;0.38322742606701;-15.718.815.356.497;35.034.201.428.197;0.0000000000000
62.020.001.220.703;0.38341985534264;-15.735.584.790.307;35.034.201.428.197;0.0000000000000
62.059.997.558.594;0.38361057674255;-15.752.354.357.964;35.034.201.428.197;0.0000000000000
62.100.000.000.000;0.38379946525663;-15.769.129.159.819;35.034.201.428.197;0.0000000000000
62.140.002.441.406;0.38398651446108;-15.785.904.202.659;35.034.201.428.197;0.0000000000000
62.179.998.779.297;0.38417164434382;-15.802.690.142.531;35.034.201.428.197;0.0000000000000
62.220.001.220.703;0.38435479431150;-15.819.475.684.907;35.034.201.428.197;0.0000000000000
62.259.997.558.594;0.38453603101264;-15.836.267.332.625;35.034.201.428.197;0.0000000000000
62.300.000.000.000;0.38471519410105;-15.853.058.521.084;35.034.201.428.197;0.0000000000000
62.340.002.441.406;0.38489228263152;-15.869.849.872.803;35.034.201.428.197;0.0000000000000
62.379.998.779.297;0.38506728737890;-15.886.652.181.357;35.034.201.428.197;0.0000000000000
62.420.001.220.703;0.38524012542859;-15.903.454.632.308;35.034.201.428.197;0.0000000000000
62.459.997.558.594;0.38541068505130;-15.920.262.208.903;35.034.201.428.197;0.0000000000000
62.500.000.000.000;0.38557904927928;-15.937.069.853.581;35.034.201.428.197;0.0000000000000
62.540.002.441.406;0.38574506447898;-15.953.883.026.906;35.034.201.428.197;0.0000000000000
62.579.998.779.297;0.38590876090574;-15.970.696.163.980;35.034.201.428.197;0.0000000000000
62.620.001.220.703;0.38607005895135;-15.987.509.255.668;35.034.201.428.197;0.0000000000000
62.659.997.558.594;0.38622891994235;-16.004.333.581.564;35.034.201.428.197;0.0000000000000
62.700.000.000.000;0.38638525656968;-16.021.163.195.616;35.034.201.428.197;0.0000000000000
62.740.002.441.406;0.38653906647647;-16.037.981.865.740;35.034.201.428.197;0.0000000000000
62.779.998.779.297;0.38669031226643;-16.054.811.438.733;35.034.201.428.197;0.0000000000000
62.820.001.220.703;0.38683892633009;-16.071.640.986.233;35.034.201.428.197;0.0000000000000
62.859.997.558.594;0.38698485632611;-16.088.470.707.496;35.034.201.428.197;0.0000000000000
62.900.000.000.000;0.38712802992702;-16.105.294.879.951;35.034.201.428.197;0.0000000000000
62.940.002.441.406;0.38726846008719;-16.122.129.910.511;35.034.201.428.197;0.0000000000000
62.979.998.779.297;0.38740607225583;-16.138.964.821.574;35.034.201.428.197;0.0000000000000
63.020.001.220.703;0.38754081353502;-16.155.799.846.772;35.034.201.428.197;0.0000000000000
63.059.997.558.594;0.38767262891685;-16.172.624.085.971;35.034.201.428.197;0.0000000000000
63.100.000.000.000;0.38780151904048;-16.189.459.171.034;35.034.201.428.197;0.0000000000000
63.140.002.441.406;0.38792736374087;-16.206.288.685.750;35.034.201.428.197;0.0000000000000
63.179.998.779.297;0.38805017448438;-16.223.112.653.102;35.034.201.428.197;0.0000000000000
63.220.001.220.703;0.38816990997079;-16.239.942.269.581;35.034.201.428.197;0.0000000000000
63.259.997.558.594;0.38828650240788;-16.256.761.020.822;35.034.201.428.197;0.0000000000000
63.300.000.000.000;0.38839989948895;-16.273.585.128.373;35.034.201.428.197;0.0000000000000
