"#Parameters = {L=149.416; Lf=38; Lg=192.8032053872; W=102.45668571429; Wf=3.1; Wg=107.84389110149; ataslengkung=17.811178807947; bawahlengkung=49.475496688742; dgs=160; h=0.89786756453423; sampingdgs=0; skala=8.5380571428571; t=0.019640852974186}";
"#""Frequency / MHz""";VSWR1 [Magnitude]
#-------------------------------------;
23.300.000.000.000;22.370.925.071.866
23.339.999.389.648;22.257.269.615.811
23.380.000.305.176;22.144.640.689.120
23.419.999.694.824;22.033.016.390.841
23.460.000.610.352;21.922.379.776.284
23.500.000.000.000;21.812.665.934.225
23.539.999.389.648;21.703.936.688.678
23.580.000.305.176;21.596.084.735.051
23.619.999.694.824;21.489.171.502.335
23.660.000.610.352;21.383.151.731.735
23.700.000.000.000;21.277.970.140.702
23.739.999.389.648;21.173.658.008.737
23.780.000.305.176;21.070.146.013.232
23.819.999.694.824;20.967.454.827.698
23.860.000.610.352;20.865.545.161.120
23.900.000.000.000;20.764.408.822.099
23.939.999.389.648;20.664.022.061.582
23.980.000.305.176;20.564.366.878.344
24.019.999.694.824;20.465.409.003.186
24.060.000.610.352;20.367.147.110.425
24.100.000.000.000;20.269.557.232.504
24.139.999.389.648;20.172.612.340.718
24.180.000.305.176;20.076.294.781.873
24.219.999.694.824;19.980.588.911.920
24.260.000.610.352;19.885.483.353.394
24.300.000.000.000;19.790.956.763.872
24.339.999.389.648;19.696.985.941.756
24.380.000.305.176;19.603.556.263.509
24.419.999.694.824;19.510.643.727.069
24.460.000.610.352;19.418.231.873.201
24.500.000.000.000;19.326.316.527.564
24.539.999.389.648;19.234.843.773.533
24.580.000.305.176;19.143.844.324.155
24.619.999.694.824;19.053.261.459.079
24.660.000.610.352;18.963.118.835.440
24.700.000.000.000;18.873.359.788.833
24.739.999.389.648;18.783.987.210.526
24.780.000.305.176;18.694.989.514.796
24.819.999.694.824;18.606.327.838.634
24.860.000.610.352;18.518.022.944.013
24.900.000.000.000;18.430.028.398.548
24.939.999.389.648;18.342.360.477.457
24.980.000.305.176;18.254.974.043.586
25.019.999.694.824;18.167.864.783.345
25.060.000.610.352;18.081.021.856.547
25.100.000.000.000;17.994.438.785.706
25.139.999.389.648;17.908.095.095.833
25.180.000.305.176;17.821.973.944.112
25.219.999.694.824;17.736.071.610.595
25.260.000.610.352;17.650.380.912.425
25.300.000.000.000;17.564.864.932.724
25.339.999.389.648;17.479.541.809.324
25.380.000.305.176;17.394.394.904.085
25.419.999.694.824;17.309.395.001.311
25.460.000.610.352;17.224.544.468.613
25.500.000.000.000;17.139.847.350.174
25.539.999.389.648;17.055.266.174.178
25.580.000.305.176;16.970.810.452.382
25.620.001.220.703;16.886.473.802.265
25.660.000.610.352;16.802.242.506.778
25.700.000.000.000;16.718.110.615.786
25.739.999.389.648;16.634.064.242.661
25.779.998.779.297;16.550.106.197.259
25.820.001.220.703;16.466.228.470.743
25.860.000.610.352;16.382.411.537.637
25.900.000.000.000;16.298.654.067.403
25.939.999.389.648;16.214.965.356.700
25.979.998.779.297;16.131.334.245.590
26.020.001.220.703;16.047.750.816.928
26.060.000.610.352;15.964.210.367.649
26.100.000.000.000;15.880.720.691.264
26.139.999.389.648;15.797.249.223.433
26.179.998.779.297;15.713.840.317.954
26.220.001.220.703;15.630.449.113.558
26.260.000.610.352;15.547.081.345.020
26.300.000.000.000;15.463.750.752.362
26.339.999.389.648;15.380.435.532.243
26.379.998.779.297;15.297.155.479.027
26.420.001.220.703;15.213.888.883.227
26.460.000.610.352;15.130.641.979.821
26.500.000.000.000;15.047.426.051.307
26.539.999.389.648;14.964.234.528.203
26.579.998.779.297;14.881.062.857.614
26.620.001.220.703;14.797.910.713.148
26.660.000.610.352;14.714.779.337.105
26.700.000.000.000;14.631.682.355.003
26.739.999.389.648;14.548.600.144.488
26.779.998.779.297;14.465.553.319.272
26.820.001.220.703;14.382.538.960.828
26.860.000.610.352;14.299.544.941.537
26.900.000.000.000;14.216.597.191.264
26.939.999.389.648;14.133.675.682.281
26.979.998.779.297;14.050.800.451.330
27.020.001.220.703;13.967.971.665.216
27.060.000.610.352;13.885.184.845.264
27.100.000.000.000;13.802.446.124.493
27.139.999.389.648;13.719.770.552.551
27.179.998.779.297;13.637.139.780.272
27.220.001.220.703;13.554.584.527.860
27.260.000.610.352;13.472.091.038.525
27.300.000.000.000;13.389.675.559.720
27.339.999.389.648;13.307.329.071.864
27.379.998.779.297;13.225.071.861.869
27.420.001.220.703;13.142.891.094.711
27.460.000.610.352;13.060.809.495.924
27.500.000.000.000;12.978.826.536.700
27.539.999.389.648;12.896.935.187.116
27.579.998.779.297;12.815.171.441.056
27.620.001.220.703;12.733.506.411.509
27.660.000.610.352;12.651.967.462.961
27.700.000.000.000;12.570.553.001.083
27.739.999.389.648;12.489.273.125.383
27.779.998.779.297;12.408.127.006.083
27.820.001.220.703;12.327.125.983.106
27.860.000.610.352;12.246.278.554.119
27.900.000.000.000;12.165.585.892.485
27.939.999.389.648;12.085.057.484.248
27.979.998.779.297;12.004.699.703.576
28.020.001.220.703;11.924.513.814.129
28.060.000.610.352;11.844.510.537.420
28.100.000.000.000;11.764.699.891.923
28.139.999.389.648;11.685.081.271.084
28.179.998.779.297;11.605.655.430.240
28.220.001.220.703;11.526.447.316.157
28.260.000.610.352;11.447.449.186.785
28.300.000.000.000;11.368.669.276.307
28.339.999.389.648;11.290.117.431.160
28.379.998.779.297;11.211.798.665.025
28.420.001.220.703;11.133.718.775.262
28.460.000.610.352;11.055.878.588.300
28.500.000.000.000;10.978.296.131.924
28.539.999.389.648;10.900.970.297.157
28.579.998.779.297;10.823.900.900.993
28.620.001.220.703;10.747.101.444.188
28.660.000.610.352;10.670.580.588.974
28.700.000.000.000;10.594.330.952.490
28.739.999.389.648;10.518.379.115.452
28.779.998.779.297;10.442.709.193.318
28.820.001.220.703;10.367.342.514.648
28.860.000.610.352;10.292.267.662.305
28.900.000.000.000;10.217.511.046.925
28.939.999.389.648;10.143.057.821.978
28.979.998.779.297;10.068.927.174.348
29.020.001.220.703;99.951.192.762.664
29.060.000.610.352;99.216.364.382.185
29.100.000.000.000;98.484.886.117.631
29.139.999.389.648;97.756.719.265.006
29.179.998.779.297;97.031.995.688.537
29.220.001.220.703;96.310.690.413.963
29.260.000.610.352;95.592.934.241.535
29.300.000.000.000;94.878.695.378.531
29.339.999.389.648;94.168.011.317.797
29.379.998.779.297;93.460.976.837.444
29.420.001.220.703;92.757.580.636.099
29.460.000.610.352;92.057.864.874.397
29.500.000.000.000;91.361.869.199.100
29.539.999.389.648;90.669.647.301.371
29.579.998.779.297;89.981.213.080.415
29.620.001.220.703;89.296.578.393.645
29.660.000.610.352;88.615.850.542.914
29.700.000.000.000;87.938.940.730.049
29.739.999.389.648;87.265.945.592.240
29.779.998.779.297;86.596.907.523.824
29.820.001.220.703;85.931.831.282.340
29.860.000.610.352;85.270.710.745.728
29.900.000.000.000;84.613.611.172.917
29.939.999.389.648;83.960.525.839.434
29.979.998.779.297;83.311.468.873.979
30.020.001.220.703;82.666.514.643.393
30.060.000.610.352;82.025.587.200.685
30.100.000.000.000;81.388.792.182.321
30.139.999.389.648;80.756.127.354.436
30.179.998.779.297;80.127.525.299.316
30.220.001.220.703;79.503.091.231.244
30.260.000.610.352;78.882.810.565.333
30.300.000.000.000;78.266.698.294.861
30.339.999.389.648;77.654.720.236.003
30.379.998.779.297;77.046.927.541.430
30.420.001.220.703;76.443.330.033.291
30.460.000.610.352;75.843.893.103.282
30.500.000.000.000;75.248.680.286.144
30.539.999.389.648;74.657.644.214.956
30.579.998.779.297;74.070.811.334.352
30.620.001.220.703;73.488.167.448.036
30.660.000.610.352;72.909.748.064.280
30.700.000.000.000;72.335.516.205.836
30.739.999.389.648;71.765.479.737.995
30.779.998.779.297;71.199.646.009.817
30.820.001.220.703;70.638.005.348.515
30.860.000.610.352;70.080.552.335.503
30.900.000.000.000;69.527.275.606.960
30.939.999.389.648;68.978.215.847.910
30.979.998.779.297;68.433.298.985.808
31.020.001.220.703;67.892.569.640.520
31.060.000.610.352;67.355.978.223.311
31.100.000.000.000;66.823.559.596.706
31.139.999.389.648;66.295.249.649.610
31.179.998.779.297;65.771.093.721.628
31.220.001.220.703;65.251.062.328.182
31.260.000.610.352;64.735.118.721.182
31.300.000.000.000;64.223.278.222.122
31.339.999.389.648;63.715.528.388.837
31.379.998.779.297;63.211.847.215.456
31.420.001.220.703;62.712.210.035.183
31.460.000.610.352;62.216.634.789.281
31.500.000.000.000;61.725.070.857.095
31.539.999.389.648;61.237.508.119.046
31.579.998.779.297;60.753.966.845.656
31.620.001.220.703;60.274.398.347.962
31.660.000.610.352;59.798.774.174.995
31.700.000.000.000;59.327.089.116.702
31.739.999.389.648;58.859.348.414.635
31.779.998.779.297;58.395.503.589.186
31.820.001.220.703;57.935.555.755.845
31.860.000.610.352;57.479.471.924.201
31.900.000.000.000;57.027.243.894.569
31.939.999.389.648;56.578.837.025.099
31.979.998.779.297;56.134.232.164.230
32.020.001.220.703;55.693.415.068.195
32.060.000.610.352;55.256.381.760.411
32.100.000.000.000;54.823.077.381.964
32.139.999.389.648;54.393.504.739.522
32.179.998.779.297;53.967.638.739.770
32.220.001.220.703;53.545.432.686.194
32.260.000.610.352;53.126.906.969.139
32.300.000.000.000;52.712.012.743.007
32.339.999.389.648;52.300.710.005.357
32.379.998.779.297;51.893.032.903.065
32.420.001.220.703;51.488.909.050.132
32.460.000.610.352;51.088.310.529.668
32.500.000.000.000;50.691.242.828.109
32.539.999.389.648;50.297.680.537.485
32.579.998.779.297;49.907.574.656.580
32.620.001.220.703;49.520.920.962.768
32.660.000.610.352;49.137.700.803.780
32.700.000.000.000;48.757.878.480.531
32.739.999.389.648;48.381.432.165.334
32.779.998.779.297;48.008.340.630.968
32.820.001.220.703;47.638.569.042.011
32.860.000.610.352;47.272.118.393.806
32.900.000.000.000;46.908.925.029.505
32.939.999.389.648;46.548.999.129.945
32.979.998.779.297;46.192.295.847.868
33.020.001.220.703;45.838.805.874.615
33.060.000.610.352;45.488.492.191.069
33.100.000.000.000;45.141.345.138.579
33.139.999.389.648;44.797.316.671.622
33.179.998.779.297;44.456.410.879.466
33.220.001.220.703;44.118.579.677.209
33.260.000.610.352;43.783.809.352.917
33.300.000.000.000;43.452.064.420.841
33.339.999.389.648;43.123.337.267.112
33.379.998.779.297;42.797.589.470.553
33.420.001.220.703;42.474.813.323.419
33.460.000.610.352;42.154.967.700.111
33.500.000.000.000;41.838.028.130.453
33.539.999.389.648;41.523.992.401.460
33.579.998.779.297;41.212.809.892.118
33.620.001.220.703;40.904.470.621.336
33.660.000.610.352;40.598.945.822.927
33.700.000.000.000;40.296.215.811.613
33.739.999.389.648;39.996.258.752.215
33.779.998.779.297;39.699.031.358.902
33.820.001.220.703;39.404.543.140.654
33.860.000.610.352;39.112.738.298.357
33.900.000.000.000;38.823.619.562.042
33.939.999.389.648;38.537.139.769.927
33.979.998.779.297;38.253.298.816.760
34.020.001.220.703;37.972.060.952.099
34.060.000.610.352;37.693.404.035.867
34.100.000.000.000;37.417.302.820.711
34.139.999.389.648;37.143.742.264.005
34.179.998.779.297;36.872.695.873.601
34.220.001.220.703;36.604.133.536.961
34.260.000.610.352;36.338.053.454.608
34.300.000.000.000;36.074.407.728.011
34.339.999.389.648;35.813.192.793.728
34.379.998.779.297;35.554.389.817.446
34.420.001.220.703;35.297.953.134.045
34.460.000.610.352;35.043.884.193.224
34.500.000.000.000;34.792.147.071.279
34.539.999.389.648;34.542.730.916.646
34.579.998.779.297;34.295.609.903.565
34.620.001.220.703;34.050.767.593.552
34.660.000.610.352;33.808.180.100.825
34.700.000.000.000;33.567.822.726.569
34.739.999.389.648;33.329.678.078.416
34.779.998.779.297;33.093.721.165.699
34.820.001.220.703;32.859.945.576.483
34.860.000.610.352;32.628.312.527.937
34.900.000.000.000;32.398.817.979.849
34.939.999.389.648;32.171.428.894.690
34.979.998.779.297;31.946.138.105.446
35.020.001.220.703;31.722.917.088.455
35.060.000.610.352;31.501.747.197.052
35.100.000.000.000;31.282.616.844.687
35.139.999.389.648;31.065.501.388.876
35.179.998.779.297;30.850.380.904.825
35.220.001.220.703;30.637.234.908.929
35.260.000.610.352;30.426.052.073.762
35.300.000.000.000;30.216.809.439.191
35.339.999.389.648;30.009.487.373.381
35.379.998.779.297;29.804.072.164.492
35.420.001.220.703;29.600.542.449.123
35.460.000.610.352;29.398.877.953.144
35.500.000.000.000;29.199.070.159.548
35.539.999.389.648;29.001.095.321.584
35.579.998.779.297;28.804.936.515.026
35.620.001.220.703;28.610.575.214.015
35.660.000.610.352;28.417.997.270.447
35.700.000.000.000;28.227.186.614.416
35.739.999.389.648;28.038.124.181.851
35.779.998.779.297;27.850.792.904.081
35.820.001.220.703;27.665.180.314.290
35.860.000.610.352;27.481.264.295.817
35.900.000.000.000;27.299.035.069.703
35.939.999.389.648;27.118.470.643.600
35.979.998.779.297;26.939.562.006.774
36.020.001.220.703;26.762.288.240.993
36.060.000.610.352;26.586.637.542.899
36.100.000.000.000;26.412.589.203.620
36.139.999.389.648;26.240.139.206.245
36.179.998.779.297;26.069.258.469.024
36.220.001.220.703;25.899.940.104.084
36.260.000.610.352;25.732.168.652.746
36.300.000.000.000;25.565.930.945.884
36.339.999.389.648;25.401.208.617.708
36.379.998.779.297;25.237.991.670.196
36.420.001.220.703;25.076.261.759.731
36.460.000.610.352;24.916.009.381.649
36.500.000.000.000;24.757.220.176.522
36.539.999.389.648;24.599.876.957.336
36.579.998.779.297;24.443.968.410.086
36.620.001.220.703;24.289.479.431.698
36.660.000.610.352;24.136.399.626.196
36.700.000.000.000;23.984.716.805.505
36.739.999.389.648;23.834.413.673.026
36.779.998.779.297;23.685.479.470.124
36.820.001.220.703;23.537.902.681.053
36.860.000.610.352;23.391.670.981.796
36.900.000.000.000;23.246.770.110.418
36.939.999.389.648;23.103.188.617.417
36.979.998.779.297;22.960.915.347.511
37.020.001.220.703;22.819.936.376.566
37.060.000.610.352;22.680.240.330.192
37.100.000.000.000;22.541.818.222.194
37.139.999.389.648;22.404.655.081.971
37.179.998.779.297;22.268.742.622.170
37.220.001.220.703;22.134.064.027.075
37.260.000.610.352;22.000.614.392.418
37.300.000.000.000;21.868.381.232.129
37.339.999.389.648;21.737.349.462.579
37.379.998.779.297;21.607.513.304.774
37.420.001.220.703;21.478.861.184.656
37.460.000.610.352;21.351.379.843.264
37.500.000.000.000;21.225.061.087.762
37.539.999.389.648;21.099.895.073.479
37.579.998.779.297;20.975.868.660.337
37.620.001.220.703;20.852.974.975.369
37.660.000.610.352;20.731.202.345.768
37.700.000.000.000;20.610.543.037.846
37.739.999.389.648;20.490.984.720.463
37.779.998.779.297;20.372.520.151.191
37.820.001.220.703;20.255.138.493.586
37.860.000.610.352;20.138.832.020.404
37.900.000.000.000;20.023.587.119.523
37.939.999.389.648;19.909.401.740.197
37.979.998.779.297;19.796.260.449.432
38.020.001.220.703;19.684.159.261.313
38.060.000.610.352;19.573.087.861.424
38.100.000.000.000;19.463.034.948.289
38.139.999.389.648;19.353.995.515.328
38.179.998.779.297;19.245.959.230.299
38.220.001.220.703;19.138.919.818.954
38.260.000.610.352;19.032.867.356.611
38.300.000.000.000;18.927.795.419.395
38.339.999.389.648;18.823.695.519.332
38.379.998.779.297;18.720.558.032.315
38.420.001.220.703;18.618.378.583.315
38.460.000.610.352;18.517.146.236.893
38.500.000.000.000;18.416.856.229.236
38.539.999.389.648;18.317.500.832.185
38.579.998.779.297;18.219.071.973.631
38.620.001.220.703;18.121.563.391.867
38.660.000.610.352;18.024.967.533.678
38.700.000.000.000;17.929.278.623.174
38.739.999.389.648;17.834.488.153.834
38.779.998.779.297;17.740.589.822.860
38.820.001.220.703;17.647.579.516.480
38.860.000.610.352;17.555.448.387.403
38.900.000.000.000;17.464.191.810.596
38.939.999.389.648;17.373.801.514.793
38.979.998.779.297;17.284.273.573.900
39.020.001.220.703;17.195.601.211.161
39.060.000.610.352;17.107.779.673.520
39.100.000.000.000;17.020.801.012.854
39.139.999.389.648;16.934.662.443.089
39.179.998.779.297;16.849.356.502.993
39.220.001.220.703;16.764.879.076.877
39.260.000.610.352;16.681.224.856.854
39.300.000.000.000;16.598.387.503.734
39.339.999.389.648;16.516.364.776.125
39.379.998.779.297;16.435.149.123.452
39.420.001.220.703;16.354.737.461.726
39.460.000.610.352;16.275.124.677.675
39.500.000.000.000;16.196.306.703.502
39.539.999.389.648;16.118.279.278.670
39.579.998.779.297;16.041.038.297.458
39.620.001.220.703;15.964.579.034.857
39.660.000.610.352;15.888.898.612.448
39.700.000.000.000;15.813.992.970.069
39.739.999.389.648;15.739.858.498.570
39.779.998.779.297;15.666.491.597.645
39.820.001.220.703;15.593.889.227.209
39.860.000.610.352;15.522.048.080.532
39.900.000.000.000;15.450.964.861.711
39.939.999.389.648;15.380.637.072.073
39.979.998.779.297;15.311.062.774.378
40.020.001.220.703;15.242.237.513.547
40.060.000.610.352;15.174.160.468.494
40.100.000.000.000;15.106.828.749.228
40.139.999.389.648;15.040.240.798.716
40.179.998.779.297;14.974.393.953.575
40.220.001.220.703;14.909.287.350.228
40.260.000.610.352;14.844.918.300.396
40.300.000.000.000;14.781.286.129.692
40.339.999.389.648;14.718.390.164.744
40.379.998.779.297;14.656.227.766.163
40.420.001.220.703;14.594.799.715.066
40.460.000.610.352;14.534.104.283.738
40.500.000.000.000;14.474.141.627.972
40.539.999.389.648;14.414.911.007.043
40.579.998.779.297;14.356.412.565.029
40.620.001.220.703;14.298.646.149.232
40.660.000.610.352;14.241.611.994.346
40.700.000.000.000;14.185.310.788.211
40.739.999.389.648;14.129.743.361.194
40.779.998.779.297;14.074.910.299.799
40.820.001.220.703;14.020.813.137.838
40.860.000.610.352;13.967.452.660.280
40.900.000.000.000;13.914.830.970.380
40.939.999.389.648;13.862.949.785.641
40.979.998.779.297;13.811.809.909.223
41.020.001.220.703;13.761.415.637.177
41.060.000.610.352;13.711.768.243.982
41.100.000.000.000;13.662.869.921.472
41.139.999.389.648;13.614.724.815.655
41.179.998.779.297;13.567.335.142.018
41.220.001.220.703;13.520.704.422.351
41.260.000.610.352;13.474.836.701.173
41.300.000.000.000;13.429.735.311.537
41.339.999.389.648;13.385.404.554.799
41.379.998.779.297;13.341.848.348.047
41.420.001.220.703;13.299.071.811.679
41.460.000.610.352;13.257.079.074.007
41.500.000.000.000;13.215.875.717.555
41.539.999.389.648;13.175.466.182.352
41.579.998.779.297;13.135.856.266.557
41.620.001.220.703;13.097.051.046.919
41.660.000.610.352;13.059.056.729.716
41.700.000.000.000;13.021.879.154.471
41.739.999.389.648;12.985.524.233.381
41.779.998.779.297;12.949.997.686.599
41.820.001.220.703;12.915.306.628.099
41.860.000.610.352;12.881.457.007.762
41.900.000.000.000;12.848.455.630.972
41.939.999.389.648;12.816.308.938.967
41.979.998.779.297;12.785.023.356.564
42.020.001.220.703;12.754.605.945.916
42.060.000.610.352;12.725.063.000.457
42.100.000.000.000;12.696.401.685.304
42.139.999.389.648;12.668.627.945.161
42.179.998.779.297;12.641.748.982.379
42.220.001.220.703;12.615.770.554.175
42.260.000.610.352;12.590.699.077.596
42.300.000.000.000;12.566.540.615.265
42.339.999.389.648;12.543.301.128.544
42.379.998.779.297;12.520.985.830.753
42.420.001.220.703;12.499.600.120.898
42.460.000.610.352;12.479.149.107.957
42.500.000.000.000;12.459.636.939.670
42.539.999.389.648;12.441.067.695.947
42.579.998.779.297;12.423.445.428.743
42.620.001.220.703;12.406.772.761.182
42.660.000.610.352;12.391.052.554.895
42.700.000.000.000;12.376.286.442.623
42.739.999.389.648;12.362.476.179.900
42.779.998.779.297;12.349.622.323.888
42.820.001.220.703;12.337.724.889.525
42.860.000.610.352;12.326.783.439.992
42.900.000.000.000;12.316.796.335.136
42.939.999.389.648;12.307.761.762.080
42.979.998.779.297;12.299.676.636.328
43.020.001.220.703;12.292.537.368.185
43.060.000.610.352;12.286.339.666.685
43.100.000.000.000;12.281.078.224.639
43.139.999.389.648;12.276.747.155.186
43.179.998.779.297;12.273.339.510.796
43.220.001.220.703;12.270.847.820.832
43.260.000.610.352;12.269.263.971.628
43.300.000.000.000;12.268.578.734.779
43.339.999.389.648;12.268.782.526.539
43.379.998.779.297;12.269.864.939.462
43.420.001.220.703;12.271.814.914.599
43.460.000.610.352;12.274.620.868.688
43.500.000.000.000;12.278.270.280.748
43.539.999.389.648;12.282.750.471.529
43.579.998.779.297;12.288.047.988.321
43.620.001.220.703;12.294.149.335.526
43.660.000.610.352;12.301.039.975.218
43.700.000.000.000;12.308.705.442.819
43.739.999.389.648;12.317.130.754.145
43.779.998.779.297;12.326.300.788.475
43.820.001.220.703;12.336.200.159.534
43.860.000.610.352;12.346.812.903.182
43.900.000.000.000;12.358.123.405.521
43.939.999.389.648;12.370.115.430.309
43.979.998.779.297;12.382.773.073.016
44.020.001.220.703;12.396.080.504.708
44.060.000.610.352;12.410.021.444.925
44.100.000.000.000;12.424.579.658.953
44.139.999.389.648;12.439.739.232.242
44.179.998.779.297;12.455.484.221.376
44.220.001.220.703;12.471.799.236.737
44.260.000.610.352;12.488.668.129.982
44.300.000.000.000;12.506.075.449.805
44.339.999.389.648;12.524.006.013.742
44.379.998.779.297;12.542.444.889.376
44.420.001.220.703;12.561.376.836.362
44.460.000.610.352;12.580.787.468.577
44.500.000.000.000;12.600.662.326.183
44.539.999.389.648;12.620.987.072.355
44.579.998.779.297;12.641.748.335.252
44.620.001.220.703;12.662.932.147.767
44.660.000.610.352;12.684.525.423.296
44.700.000.000.000;12.706.515.225.115
44.739.999.389.648;12.728.888.868.987
44.779.998.779.297;12.751.633.764.581
44.820.001.220.703;12.774.738.116.642
44.860.000.610.352;12.798.189.676.673
44.900.000.000.000;12.821.977.726.610
44.939.999.389.648;12.846.090.206.726
44.979.998.779.297;12.870.516.892.887
45.020.001.220.703;12.895.247.027.623
45.060.000.610.352;12.920.270.103.571
45.100.000.000.000;12.945.576.370.242
45.139.999.389.648;12.971.156.405.623
45.179.998.779.297;12.996.999.868.475
45.220.001.220.703;13.023.098.069.247
45.260.000.610.352;13.049.442.654.177
45.300.000.000.000;13.076.024.204.944
45.339.999.389.648;13.102.835.018.443
45.379.998.779.297;13.129.865.935.181
45.420.001.220.703;13.157.110.066.438
45.460.000.610.352;13.184.559.854.297
45.500.000.000.000;13.212.207.121.475
45.539.999.389.648;13.240.044.980.916
45.579.998.779.297;13.268.066.953.281
45.620.001.220.703;13.296.265.744.101
45.660.000.610.352;13.324.634.857.016
45.700.000.000.000;13.353.168.058.959
45.739.999.389.648;13.381.859.291.182
45.779.998.779.297;13.410.703.142.035
45.820.001.220.703;13.439.693.047.916
45.860.000.610.352;13.468.823.607.462
45.900.000.000.000;13.498.089.796.999
45.939.999.389.648;13.527.485.707.465
45.979.998.779.297;13.557.006.955.019
46.020.001.220.703;13.586.648.156.190
46.060.000.610.352;13.616.405.481.598
46.100.000.000.000;13.646.272.765.046
46.139.999.389.648;13.676.247.193.690
46.179.998.779.297;13.706.323.429.612
46.220.001.220.703;13.736.497.302.480
46.260.000.610.352;13.766.765.698.637
46.300.000.000.000;13.797.123.677.644
46.339.999.389.648;13.827.567.852.977
46.379.998.779.297;13.858.094.446.874
46.420.001.220.703;13.888.699.850.111
46.460.000.610.352;13.919.380.733.761
46.500.000.000.000;13.950.133.434.262
46.539.999.389.648;13.980.955.339.534
46.579.998.779.297;14.011.842.824.589
46.620.001.220.703;14.042.792.787.128
46.660.000.610.352;14.073.802.659.587
46.700.000.000.000;14.104.869.194.706
46.739.999.389.648;14.135.989.577.008
46.779.998.779.297;14.167.161.606.560
46.820.001.220.703;14.198.382.127.588
46.860.000.610.352;14.229.648.971.367
46.900.000.000.000;14.260.958.957.966
46.939.999.389.648;14.292.311.047.416
46.979.998.779.297;14.323.701.511.701
47.020.001.220.703;14.355.129.015.696
47.060.000.610.352;14.386.591.400.480
47.100.000.000.000;14.418.085.327.396
47.139.999.389.648;14.449.609.950.583
47.179.998.779.297;14.481.163.452.979
47.220.001.220.703;14.512.742.785.971
47.260.000.610.352;14.544.346.579.354
47.300.000.000.000;14.575.973.468.490
47.339.999.389.648;14.607.620.743.513
47.379.998.779.297;14.639.287.672.271
47.420.001.220.703;14.670.971.738.851
47.460.000.610.352;14.702.671.596.396
47.500.000.000.000;14.734.386.241.331
47.539.999.389.648;14.766.113.141.308
47.579.998.779.297;14.797.851.337.050
47.620.001.220.703;14.829.599.075.175
47.660.000.610.352;14.861.354.812.068
47.700.000.000.000;14.893.118.132.945
47.739.999.389.648;14.924.886.325.168
47.779.998.779.297;14.956.658.857.416
47.820.001.220.703;14.988.434.383.608
47.860.000.610.352;15.020.211.631.549
47.900.000.000.000;15.051.989.295.396
47.939.999.389.648;15.083.765.905.967
47.979.998.779.297;15.115.540.298.075
48.020.001.220.703;15.147.312.212.174
48.060.000.610.352;15.179.079.636.022
48.100.000.000.000;15.210.841.570.674
48.139.999.389.648;15.242.597.387.250
48.179.998.779.297;15.274.346.001.636
48.220.001.220.703;15.306.085.602.396
48.260.000.610.352;15.337.815.885.101
48.300.000.000.000;15.369.535.609.407
48.339.999.389.648;15.401.244.621.337
48.379.998.779.297;15.432.941.036.059
48.420.001.220.703;15.464.624.614.443
48.460.000.610.352;15.496.293.220.699
48.500.000.000.000;15.527.947.682.961
48.539.999.389.648;15.559.585.454.430
48.579.998.779.297;15.591.207.303.101
48.620.001.220.703;15.622.810.666.341
48.660.000.610.352;15.654.396.382.699
48.700.000.000.000;15.685.962.152.446
48.739.999.389.648;15.717.508.678.424
48.779.998.779.297;15.749.034.004.523
48.820.001.220.703;15.780.538.301.739
48.860.000.610.352;15.812.019.638.084
48.900.000.000.000;15.843.477.737.806
48.939.999.389.648;15.874.913.123.188
48.979.998.779.297;15.906.322.578.347
49.020.001.220.703;15.937.707.906.660
49.060.000.610.352;15.969.066.881.328
49.100.000.000.000;16.000.398.926.023
49.139.999.389.648;16.031.703.688.532
49.179.998.779.297;16.062.980.236.125
49.220.001.220.703;16.094.228.015.056
49.260.000.610.352;16.125.446.626.288
49.300.000.000.000;16.156.634.945.859
49.339.999.389.648;16.187.791.467.618
49.379.998.779.297;16.218.917.885.021
49.420.001.220.703;16.250.011.284.544
49.460.000.610.352;16.281.072.572.100
49.500.000.000.000;16.312.099.556.205
49.539.999.389.648;16.343.093.266.211
49.579.998.779.297;16.374.051.570.038
49.620.001.220.703;16.404.973.873.819
49.660.000.610.352;16.435.861.205.796
49.700.000.000.000;16.466.711.276.314
49.739.999.389.648;16.497.524.840.307
49.779.998.779.297;16.528.299.586.042
49.820.001.220.703;16.559.035.620.751
49.860.000.610.352;16.589.732.511.766
49.900.000.000.000;16.620.389.864.464
49.939.999.389.648;16.651.005.759.366
49.979.998.779.297;16.681.581.334.520
50.020.001.220.703;16.712.114.349.236
50.060.000.610.352;16.742.605.404.948
50.100.000.000.000;16.773.053.006.748
50.139.999.389.648;16.803.457.748.296
50.179.998.779.297;16.833.816.154.726
50.220.001.220.703;16.864.131.199.662
50.260.000.610.352;16.894.399.769.051
50.300.000.000.000;16.924.621.740.691
50.339.999.389.648;16.954.798.171.579
50.379.998.779.297;16.984.924.262.495
50.420.001.220.703;17.015.004.557.052
50.460.000.610.352;17.045.035.036.672
50.500.000.000.000;17.075.015.871.165
50.539.999.389.648;17.104.946.242.071
50.579.998.779.297;17.134.826.373.352
50.620.001.220.703;17.164.654.973.199
50.660.000.610.352;17.194.431.012.990
50.700.000.000.000;17.224.153.213.602
50.739.999.389.648;17.253.823.450.656
50.779.998.779.297;17.283.438.751.382
50.820.001.220.703;17.312.997.641.813
50.860.000.610.352;17.342.504.227.004
50.900.000.000.000;17.371.950.778.528
50.939.999.389.648;17.401.343.079.672
50.979.998.779.297;17.430.676.807.961
51.020.001.220.703;17.459.952.603.238
51.060.000.610.352;17.489.169.040.286
51.100.000.000.000;17.518.325.545.217
51.139.999.389.648;17.547.421.319.279
51.179.998.779.297;17.576.457.326.421
51.220.001.220.703;17.605.431.541.535
51.259.997.558.594;17.634.341.507.488
51.300.000.000.000;17.663.191.195.922
51.340.002.441.406;17.691.974.441.137
51.379.998.779.297;17.720.694.053.522
51.420.001.220.703;17.749.347.179.688
51.459.997.558.594;17.777.937.016.820
51.500.000.000.000;17.806.458.277.157
51.540.002.441.406;17.834.911.354.226
51.579.998.779.297;17.863.297.332.392
51.620.001.220.703;17.891.614.416.617
51.659.997.558.594;17.919.861.777.087
51.700.000.000.000;17.948.038.059.381
51.740.002.441.406;17.976.145.091.886
51.779.998.779.297;18.004.180.443.847
51.820.001.220.703;18.032.142.185.407
51.859.997.558.594;18.060.030.497.673
51.900.000.000.000;18.087.845.192.248
51.940.002.441.406;18.115.585.547.828
51.979.998.779.297;18.143.250.671.508
52.020.001.220.703;18.170.839.643.859
52.059.997.558.594;18.198.352.496.578
52.100.000.000.000;18.225.787.347.693
52.140.002.441.406;18.253.143.589.411
52.179.998.779.297;18.280.421.622.031
52.220.001.220.703;18.307.620.682.818
52.259.997.558.594;18.334.739.046.805
52.300.000.000.000;18.361.775.781.230
52.340.002.441.406;18.388.730.118.300
52.379.998.779.297;18.415.602.808.711
52.420.001.220.703;18.442.392.399.543
52.459.997.558.594;18.469.097.616.731
52.500.000.000.000;18.495.720.039.723
52.540.002.441.406;18.522.255.962.302
52.579.998.779.297;18.548.706.371.152
52.620.001.220.703;18.575.068.536.233
52.659.997.558.594;18.601.344.939.292
52.700.000.000.000;18.627.534.512.497
52.740.002.441.406;18.653.633.387.483
52.779.998.779.297;18.679.644.095.663
52.820.001.220.703;18.705.565.221.059
52.859.997.558.594;18.731.395.017.960
52.900.000.000.000;18.757.134.410.600
52.940.002.441.406;18.782.781.032.191
52.979.998.779.297;18.808.335.175.753
53.020.001.220.703;18.833.795.714.609
53.059.997.558.594;18.859.164.449.235
53.100.000.000.000;18.884.436.454.720
53.140.002.441.406;18.909.614.828.761
53.179.998.779.297;18.934.698.095.047
53.220.001.220.703;18.959.684.382.526
53.259.997.558.594;18.984.575.204.149
53.300.000.000.000;19.009.366.715.647
53.340.002.441.406;19.034.061.773.673
53.379.998.779.297;19.058.657.699.847
53.420.001.220.703;19.083.155.911.887
53.459.997.558.594;19.107.553.025.488
53.500.000.000.000;19.131.850.823.668
53.540.002.441.406;19.156.047.741.695
53.579.998.779.297;19.180.144.817.523
53.620.001.220.703;19.204.139.095.493
53.659.997.558.594;19.228.032.910.052
53.700.000.000.000;19.251.823.985.045
53.740.002.441.406;19.275.511.689.748
53.779.998.779.297;19.299.095.794.018
53.820.001.220.703;19.322.576.200.624
53.859.997.558.594;19.345.952.271.307
53.900.000.000.000;19.369.225.298.846
53.940.002.441.406;19.392.392.842.993
53.979.998.779.297;19.415.453.494.025
54.020.001.220.703;19.438.410.732.448
54.059.997.558.594;19.461.260.818.195
54.100.000.000.000;19.484.006.201.736
54.140.002.441.406;19.506.642.905.767
54.179.998.779.297;19.529.173.161.318
54.220.001.220.703;19.551.597.462.492
54.259.997.558.594;19.573.913.379.136
54.300.000.000.000;19.596.121.747.345
54.340.002.441.406;19.618.224.054.086
54.379.998.779.297;19.640.215.807.073
54.420.001.220.703;19.662.100.294.345
54.459.997.558.594;19.683.875.357.002
54.500.000.000.000;19.705.543.678.913
54.540.002.441.406;19.727.101.077.188
54.579.998.779.297;19.748.552.317.933
54.620.001.220.703;19.769.892.318.039
54.659.997.558.594;19.791.124.968.643
54.700.000.000.000;19.812.248.716.684
54.740.002.441.406;19.833.262.153.166
54.779.998.779.297;19.854.166.019.252
54.820.001.220.703;19.874.963.268.716
54.859.997.558.594;19.895.648.781.523
54.900.000.000.000;19.916.226.628.252
54.940.002.441.406;19.936.694.507.711
54.979.998.779.297;19.957.054.820.075
55.020.001.220.703;19.977.304.252.078
55.059.997.558.594;19.997.445.977.841
55.100.000.000.000;20.017.479.960.857
55.140.002.441.406;20.037.404.405.649
55.179.998.779.297;20.057.219.957.496
55.220.001.220.703;20.076.928.685.450
55.259.997.558.594;20.096.530.573.829
55.300.000.000.000;20.116.022.519.414
55.340.002.441.406;20.135.408.844.099
55.379.998.779.297;20.154.687.505.959
55.420.001.220.703;20.173.858.833.091
55.459.997.558.594;20.192.923.877.764
55.500.000.000.000;20.211.883.193.920
55.540.002.441.406;20.230.736.557.523
55.579.998.779.297;20.249.484.142.950
55.620.001.220.703;20.268.127.605.035
55.659.997.558.594;20.286.665.800.317
55.700.000.000.000;20.305.101.128.215
55.740.002.441.406;20.323.431.481.009
55.779.998.779.297;20.341.659.476.297
55.820.001.220.703;20.359.784.955.941
55.859.997.558.594;20.377.808.515.691
55.900.000.000.000;20.395.728.784.623
55.940.002.441.406;20.413.549.433.759
55.979.998.779.297;20.431.268.760.990
56.020.001.220.703;20.448.889.757.829
56.059.997.558.594;20.466.411.297.234
56.100.000.000.000;20.483.834.836.269
56.140.002.441.406;20.501.160.102.670
56.179.998.779.297;20.518.387.602.649
56.220.001.220.703;20.535.520.079.658
56.259.997.558.594;20.552.555.329.913
56.300.000.000.000;20.569.495.313.590
56.340.002.441.406;20.586.342.638.057
56.379.998.779.297;20.603.095.630.583
56.420.001.220.703;20.619.755.869.340
56.459.997.558.594;20.636.324.946.307
56.500.000.000.000;20.652.802.869.099
56.540.002.441.406;20.669.190.869.865
56.579.998.779.297;20.685.488.710.934
56.620.001.220.703;20.701.698.947.410
56.659.997.558.594;20.717.821.988.687
56.700.000.000.000;20.733.858.152.284
56.740.002.441.406;20.749.808.075.096
56.779.998.779.297;20.765.674.939.843
56.820.001.220.703;20.781.456.931.835
56.859.997.558.594;20.797.155.559.348
56.900.000.000.000;20.812.773.306.646
56.940.002.441.406;20.828.309.126.017
56.979.998.779.297;20.843.766.413.230
57.020.001.220.703;20.859.143.638.354
57.059.997.558.594;20.874.444.272.998
57.100.000.000.000;20.889.668.528.058
57.140.002.441.406;20.904.816.005.591
57.179.998.779.297;20.919.889.182.522
57.220.001.220.703;20.934.888.879.855
57.259.997.558.594;20.949.815.276.186
57.300.000.000.000;20.964.671.244.371
57.340.002.441.406;20.979.456.128.845
57.379.998.779.297;20.994.172.591.969
57.420.001.220.703;21.008.821.835.647
57.459.997.558.594;21.023.401.867.691
57.500.000.000.000;21.037.918.443.665
57.540.002.441.406;21.052.367.639.661
57.579.998.779.297;21.066.753.479.907
57.620.001.220.703;21.081.078.603.520
57.659.997.558.594;21.095.340.926.254
57.700.000.000.000;21.109.543.828.102
57.740.002.441.406;21.123.686.762.884
57.779.998.779.297;21.137.772.526.328
57.820.001.220.703;21.151.801.550.926
57.859.997.558.594;21.165.773.595.207
57.900.000.000.000;21.179.692.109.374
57.940.002.441.406;21.193.554.538.297
57.979.998.779.297;21.207.366.344.686
58.020.001.220.703;21.221.127.873.752
58.059.997.558.594;21.234.837.489.139
58.100.000.000.000;21.248.499.207.093
58.140.002.441.406;21.262.112.902.394
58.179.998.779.297;21.275.678.178.824
58.220.001.220.703;21.289.198.203.655
58.259.997.558.594;21.302.674.132.367
58.300.000.000.000;21.316.105.439.176
58.340.002.441.406;21.329.494.806.548
58.379.998.779.297;21.342.841.734.635
58.420.001.220.703;21.356.147.170.929
58.459.997.558.594;21.369.413.969.671
58.500.000.000.000;21.382.643.354.429
58.540.002.441.406;21.395.833.630.722
58.579.998.779.297;21.408.987.333.875
58.620.001.220.703;21.422.104.904.667
58.659.997.558.594;21.435.188.216.617
58.700.000.000.000;21.448.237.432.069
58.740.002.441.406;21.461.253.362.287
58.779.998.779.297;21.474.236.586.108
58.820.001.220.703;21.487.189.947.071
58.859.997.558.594;21.500.112.407.297
58.900.000.000.000;21.513.003.878.581
58.940.002.441.406;21.525.868.625.455
58.979.998.779.297;21.538.704.133.957
59.020.001.220.703;21.551.510.133.089
59.059.997.558.594;21.564.291.558.992
59.100.000.000.000;21.577.046.789.260
59.140.002.441.406;21.589.777.176.353
59.179.998.779.297;21.602.482.519.047
59.220.001.220.703;21.615.163.149.262
59.259.997.558.594;21.627.820.402.686
59.300.000.000.000;21.640.454.464.049
59.340.002.441.406;21.653.064.878.570
59.379.998.779.297;21.665.656.498.317
59.420.001.220.703;21.678.224.943.105
59.459.997.558.594;21.690.770.675.993
59.500.000.000.000;21.703.297.384.064
59.540.002.441.406;21.715.802.051.833
59.579.998.779.297;21.728.285.928.694
59.620.001.220.703;21.740.751.935.984
59.659.997.558.594;21.753.198.504.314
59.700.000.000.000;21.765.623.451.828
59.740.002.441.406;21.778.029.814.414
59.779.998.779.297;21.790.418.148.749
59.820.001.220.703;21.802.786.711.478
59.859.997.558.594;21.815.136.595.680
59.900.000.000.000;21.827.467.743.847
59.940.002.441.406;21.839.776.805.286
59.979.998.779.297;21.852.069.833.751
60.020.001.220.703;21.864.342.932.314
60.059.997.558.594;21.876.594.978.651
60.100.000.000.000;21.888.827.442.591
60.140.002.441.406;21.901.041.538.814
60.179.998.779.297;21.913.234.157.646
60.220.001.220.703;21.925.407.260.768
60.259.997.558.594;21.937.556.877.797
60.300.000.000.000;21.949.687.099.496
60.340.002.441.406;21.961.793.129.005
60.379.998.779.297;21.973.878.658.581
60.420.001.220.703;21.985.940.505.237
60.459.997.558.594;21.997.978.215.108
60.500.000.000.000;22.009.993.206.149
60.540.002.441.406;22.021.980.980.208
60.579.998.779.297;22.033.943.686.337
60.620.001.220.703;22.045.880.067.331
60.659.997.558.594;22.057.788.769.161
60.700.000.000.000;22.069.668.862.826
60.740.002.441.406;22.081.520.782.451
60.779.998.779.297;22.093.339.815.473
60.820.001.220.703;22.105.129.486.729
60.859.997.558.594;22.116.884.045.876
60.900.000.000.000;22.128.608.002.749
60.940.002.441.406;22.140.294.568.529
60.979.998.779.297;22.151.945.511.362
61.020.001.220.703;22.163.561.408.552
61.059.997.558.594;22.175.136.222.824
61.100.000.000.000;22.186.671.522.676
61.140.002.441.406;22.198.163.655.846
61.179.998.779.297;22.209.613.992.488
61.220.001.220.703;22.221.018.343.454
61.259.997.558.594;22.232.377.637.012
61.300.000.000.000;22.243.688.253.822
61.340.002.441.406;22.254.949.657.042
61.379.998.779.297;22.266.160.173.793
61.420.001.220.703;22.277.316.940.664
61.459.997.558.594;22.288.421.127.992
61.500.000.000.000;22.299.466.282.415
61.540.002.441.406;22.310.454.557.870
61.579.998.779.297;22.321.379.230.762
61.620.001.220.703;22.332.244.289.035
61.659.997.558.594;22.343.043.182.780
61.700.000.000.000;22.353.776.047.250
61.740.002.441.406;22.364.440.692.871
61.779.998.779.297;22.375.033.981.431
61.820.001.220.703;22.385.554.927.631
61.859.997.558.594;22.396.000.895.459
61.900.000.000.000;22.406.368.237.662
61.940.002.441.406;22.416.658.002.883
61.979.998.779.297;22.426.863.393.853
62.020.001.220.703;22.436.983.534.580
62.059.997.558.594;22.447.020.090.490
62.100.000.000.000;22.456.966.315.892
62.140.002.441.406;22.466.821.700.345
62.179.998.779.297;22.476.581.853.217
62.220.001.220.703;22.486.243.399.935
62.259.997.558.594;22.495.809.678.195
62.300.000.000.000;22.505.272.043.537
62.340.002.441.406;22.514.630.259.498
62.379.998.779.297;22.523.883.653.468
62.420.001.220.703;22.533.027.653.998
62.459.997.558.594;22.542.056.156.101
62.500.000.000.000;22.550.973.362.057
62.540.002.441.406;22.559.770.941.093
62.579.998.779.297;22.568.450.299.826
62.620.001.220.703;22.577.007.021.091
62.659.997.558.594;22.585.438.854.697
62.700.000.000.000;22.593.740.965.533
62.740.002.441.406;22.601.913.026.680
62.779.998.779.297;22.609.952.850.913
62.820.001.220.703;22.617.856.642.946
62.859.997.558.594;22.625.621.416.360
62.900.000.000.000;22.633.243.118.654
62.940.002.441.406;22.640.722.236.766
62.979.998.779.297;22.648.054.598.988
63.020.001.220.703;22.655.237.184.762
63.059.997.558.594;22.662.266.860.000
63.100.000.000.000;22.669.143.459.248
63.140.002.441.406;22.675.860.372.122
63.179.998.779.297;22.682.418.012.209
63.220.001.220.703;22.688.813.979.458
63.259.997.558.594;22.695.044.459.090
63.300.000.000.000;22.701.106.463.665
